X2019,X1.Intestinal.infections.due.to.other.specified.organisms,M,X0,X0.1,X0.2,X0.3,X0.4,X0.5,X0.6,X0.7,X0.8,X0.9,X0.10,X2,X2.1,X2.2,X2.3,X5,X1,X3,X2.4,X0.11,X19,X0.12,X19.1
2019,1 Intestinal infections due to other specified organisms,F,0,0,0,0,0,0,0,0,0,0,1,0,0,3,1,3,3,1,6,0,18,0,18
2019,1 Intestinal infections due to other specified organisms,T,0,0,0,0,0,0,0,0,0,0,1,2,2,5,3,8,4,4,8,0,37,0,37
2019,2 Respiratory tuberculosis,M,0,0,0,0,0,0,0,0,0,0,0,0,0,0,0,1,0,1,0,0,2,0,2
2019,2 Respiratory tuberculosis,F,0,0,0,0,0,0,0,0,0,0,0,0,1,0,1,1,0,1,0,0,4,0,4
2019,2 Respiratory tuberculosis,T,0,0,0,0,0,0,0,0,0,0,0,0,1,0,1,2,0,2,0,0,6,0,6
2019,3 Other tuberculosis,M,0,0,0,0,0,0,0,0,1,0,0,1,0,1,0,0,0,1,0,0,4,0,4
2019,3 Other tuberculosis,T,0,0,0,0,0,0,0,0,1,0,0,1,0,1,0,0,0,1,0,0,4,0,4
2019,4 Septicemia,M,0,0,0,0,0,0,1,1,0,3,2,1,4,6,10,10,9,13,10,0,70,2,72
2019,4 Septicemia,F,0,0,0,0,0,0,0,1,1,1,3,4,3,5,5,11,16,27,31,0,108,2,110
2019,4 Septicemia,T,0,0,0,0,0,0,1,2,1,4,5,5,7,11,15,21,25,40,41,0,178,4,182
2019,5 Other zoonotic and bacterial diseases,M,1,0,0,0,0,1,0,0,0,0,0,0,2,2,2,3,1,3,2,0,17,1,18
2019,5 Other zoonotic and bacterial diseases,F,0,0,0,0,0,0,0,0,0,0,0,0,1,2,1,1,3,3,2,0,13,0,13
2019,5 Other zoonotic and bacterial diseases,T,1,0,0,0,0,1,0,0,0,0,0,0,3,4,3,4,4,6,4,0,30,1,31
2019,6 Herpesviral (herpes simplex) infections,M,0,0,0,0,0,0,0,0,0,0,0,0,1,0,0,0,2,0,0,0,3,0,3
2019,6 Herpesviral (herpes simplex) infections,F,0,0,0,0,0,0,0,0,0,0,0,0,1,0,0,0,0,0,0,0,1,0,1
2019,6 Herpesviral (herpes simplex) infections,T,0,0,0,0,0,0,0,0,0,0,0,0,2,0,0,0,2,0,0,0,4,0,4
2019,7 Zoster (herpes zoster),F,0,0,0,0,0,0,0,0,0,0,0,0,0,0,0,0,0,0,1,0,1,0,1
2019,7 Zoster (herpes zoster),T,0,0,0,0,0,0,0,0,0,0,0,0,0,0,0,0,0,0,1,0,1,0,1
2019,8 Measles,M,0,0,0,0,0,0,0,0,0,0,0,0,0,0,0,0,0,0,0,0,0,1,1
2019,8 Measles,T,0,0,0,0,0,0,0,0,0,0,0,0,0,0,0,0,0,0,0,0,0,1,1
2019,9 Viral hepatitis,M,0,0,0,0,0,0,0,0,1,2,2,3,1,5,0,0,1,0,0,0,15,0,15
2019,9 Viral hepatitis,F,0,0,0,0,0,0,0,0,0,2,0,0,3,1,0,1,2,0,1,0,10,1,11
2019,9 Viral hepatitis,T,0,0,0,0,0,0,0,0,1,4,2,3,4,6,0,1,3,0,1,0,25,1,26
2019,10 Human immunodeficiency virus (HIV) disease resulting in infectious and parasitic diseases,M,0,0,0,0,0,0,0,0,0,0,2,0,2,0,0,0,0,0,0,0,4,1,5
2019,10 Human immunodeficiency virus (HIV) disease resulting in infectious and parasitic diseases,T,0,0,0,0,0,0,0,0,0,0,2,0,2,0,0,0,0,0,0,0,4,1,5
2019,11 Human immunodeficiency virus (HIV) disease resulting in malignant neoplasms,M,0,0,0,0,0,0,0,0,1,0,0,0,0,0,0,0,0,0,0,0,1,0,1
2019,11 Human immunodeficiency virus (HIV) disease resulting in malignant neoplasms,T,0,0,0,0,0,0,0,0,1,0,0,0,0,0,0,0,0,0,0,0,1,0,1
2019,12 Human immunodeficiency virus (HIV) disease resulting in other specified diseases,M,0,0,0,0,0,0,0,0,0,0,0,0,0,0,1,0,0,0,0,0,1,1,2
2019,12 Human immunodeficiency virus (HIV) disease resulting in other specified diseases,T,0,0,0,0,0,0,0,0,0,0,0,0,0,0,1,0,0,0,0,0,1,1,2
2019,13 Human immunodeficiency virus (HIV) disease resulting in other conditions,F,0,0,0,0,0,0,0,0,0,0,0,0,0,1,0,0,0,0,0,0,1,0,1
2019,13 Human immunodeficiency virus (HIV) disease resulting in other conditions,T,0,0,0,0,0,0,0,0,0,0,0,0,0,1,0,0,0,0,0,0,1,0,1
2019,14 Unspecified human immunodeficiency virus (HIV) disease,M,0,0,0,0,0,0,0,0,2,1,0,0,0,1,0,0,1,0,0,0,5,0,5
2019,14 Unspecified human immunodeficiency virus (HIV) disease,T,0,0,0,0,0,0,0,0,2,1,0,0,0,1,0,0,1,0,0,0,5,0,5
2019,15 All other and unspecified viral diseases,M,1,0,0,0,0,0,0,0,0,0,0,2,3,3,1,1,0,0,1,0,12,0,12
2019,15 All other and unspecified viral diseases,F,0,0,0,0,1,0,0,1,0,0,0,1,1,0,1,2,0,2,2,0,11,0,11
2019,15 All other and unspecified viral diseases,T,1,0,0,0,1,0,0,1,0,0,0,3,4,3,2,3,0,2,3,0,23,0,23
2019,16 Mycoses,M,0,0,0,0,0,0,0,0,0,0,1,1,1,1,1,1,2,0,1,0,9,0,9
2019,16 Mycoses,F,0,0,0,0,0,0,0,0,0,0,0,0,0,1,0,0,0,0,0,0,1,0,1
2019,16 Mycoses,T,0,0,0,0,0,0,0,0,0,0,1,1,1,2,1,1,2,0,1,0,10,0,10
2019,17 Other and unspecified helminthiases,F,0,0,0,0,0,0,0,0,0,0,0,0,0,0,0,1,0,0,0,0,1,0,1
2019,17 Other and unspecified helminthiases,T,0,0,0,0,0,0,0,0,0,0,0,0,0,0,0,1,0,0,0,0,1,0,1
2019,18 Sequelae of poliomyelitis,M,0,0,0,0,0,0,0,0,0,0,0,0,0,0,0,0,0,1,0,0,1,0,1
2019,18 Sequelae of poliomyelitis,T,0,0,0,0,0,0,0,0,0,0,0,0,0,0,0,0,0,1,0,0,1,0,1
2019,19 All other and unspecified infectious and parasitic diseases and their sequelae,M,0,0,0,0,0,0,0,0,0,0,0,1,2,0,0,1,1,1,0,0,6,0,6
2019,19 All other and unspecified infectious and parasitic diseases and their sequelae,F,0,0,0,0,0,0,0,0,1,0,0,0,0,0,0,0,0,0,1,0,2,0,2
2019,19 All other and unspecified infectious and parasitic diseases and their sequelae,T,0,0,0,0,0,0,0,0,1,0,0,1,2,0,0,1,1,1,1,0,8,0,8
2019,20 Malignant neoplasms of lip,M,0,0,0,0,0,0,0,0,0,0,0,0,0,0,0,0,0,2,0,0,2,0,2
2019,20 Malignant neoplasms of lip,F,0,0,0,0,0,0,0,0,0,0,0,0,0,0,0,0,0,0,1,0,1,0,1
2019,20 Malignant neoplasms of lip,T,0,0,0,0,0,0,0,0,0,0,0,0,0,0,0,0,0,2,1,0,3,0,3
2019,21 Malignant neoplasms of tongue,M,0,0,0,0,0,0,0,1,0,1,1,2,3,4,1,2,1,1,0,0,17,0,17
2019,21 Malignant neoplasms of tongue,F,0,0,0,0,0,0,0,0,0,1,0,0,1,0,1,1,3,0,1,0,8,0,8
2019,21 Malignant neoplasms of tongue,T,0,0,0,0,0,0,0,1,0,2,1,2,4,4,2,3,4,1,1,0,25,0,25
2019,22 Malignant neoplasms of pharynx,M,0,0,0,0,0,0,1,1,1,2,7,5,12,6,11,3,2,2,2,0,55,1,56
2019,22 Malignant neoplasms of pharynx,F,0,0,0,0,0,0,0,0,1,0,0,2,1,1,2,2,0,4,2,0,15,0,15
2019,22 Malignant neoplasms of pharynx,T,0,0,0,0,0,0,1,1,2,2,7,7,13,7,13,5,2,6,4,0,70,1,71
2019,"23 Malignant neoplasms of other and unspecified sites within the lip, oral cavity and pharynx",M,0,0,0,0,0,0,0,1,0,2,2,2,5,3,5,3,1,2,0,0,26,0,26
2019,"23 Malignant neoplasms of other and unspecified sites within the lip, oral cavity and pharynx",F,0,0,0,0,0,0,0,0,0,0,0,1,3,2,1,2,2,0,2,0,13,0,13
2019,"23 Malignant neoplasms of other and unspecified sites within the lip, oral cavity and pharynx",T,0,0,0,0,0,0,0,1,0,2,2,3,8,5,6,5,3,2,2,0,39,0,39
2019,24 Malignant neoplasms of esophagus,M,0,0,0,0,0,0,0,1,2,3,4,15,34,25,20,15,20,11,6,0,156,1,157
2019,24 Malignant neoplasms of esophagus,F,0,0,0,0,0,0,0,1,0,0,3,7,3,0,13,13,4,2,3,0,49,0,49
2019,24 Malignant neoplasms of esophagus,T,0,0,0,0,0,0,0,2,2,3,7,22,37,25,33,28,24,13,9,0,205,1,206
2019,25 Malignant neoplasms of stomach,M,0,0,0,0,0,1,2,0,1,2,3,8,17,11,12,10,8,12,4,0,91,1,92
2019,25 Malignant neoplasms of stomach,F,0,0,0,0,0,0,0,2,1,1,4,7,4,3,8,4,5,7,9,0,55,0,55
2019,25 Malignant neoplasms of stomach,T,0,0,0,0,0,1,2,2,2,3,7,15,21,14,20,14,13,19,13,0,146,1,147
2019,26 Malignant neoplasms of small intestine,M,0,0,0,0,0,0,0,0,0,1,0,0,1,2,4,2,2,0,0,0,12,0,12
2019,26 Malignant neoplasms of small intestine,F,0,0,0,0,0,0,0,0,0,1,0,1,0,1,0,0,3,1,1,0,8,0,8
2019,26 Malignant neoplasms of small intestine,T,0,0,0,0,0,0,0,0,0,2,0,1,1,3,4,2,5,1,1,0,20,0,20
2019,27 Malignant neoplasms of colon,M,0,0,0,0,0,0,5,1,5,11,12,22,29,27,38,30,25,33,22,0,260,5,265
2019,27 Malignant neoplasms of colon,F,0,0,0,0,0,0,0,2,5,4,7,11,22,17,21,40,18,37,32,0,216,1,217
2019,27 Malignant neoplasms of colon,T,0,0,0,0,0,0,5,3,10,15,19,33,51,44,59,70,43,70,54,0,476,6,482
2019,28 Malignant neoplasms of rectosigmoid junction and rectum,M,0,0,0,0,0,0,1,1,7,1,10,11,13,23,14,18,17,8,7,0,131,1,132
2019,28 Malignant neoplasms of rectosigmoid junction and rectum,F,0,0,0,0,0,0,1,2,6,4,7,9,5,4,6,5,12,7,16,0,84,1,85
2019,28 Malignant neoplasms of rectosigmoid junction and rectum,T,0,0,0,0,0,0,2,3,13,5,17,20,18,27,20,23,29,15,23,0,215,2,217
2019,29 Malignant neoplasms of anus and anal canal,M,0,0,0,0,0,0,0,0,0,0,2,1,0,1,0,0,0,0,0,0,4,0,4
2019,29 Malignant neoplasms of anus and anal canal,F,0,0,0,0,0,0,0,0,0,0,0,1,1,1,0,1,2,1,2,0,9,0,9
2019,29 Malignant neoplasms of anus and anal canal,T,0,0,0,0,0,0,0,0,0,0,2,2,1,2,0,1,2,1,2,0,13,0,13
2019,30 Malignant neoplasms of liver,M,0,0,0,0,0,0,0,1,0,1,5,14,24,26,21,15,12,3,6,0,128,1,129
2019,30 Malignant neoplasms of liver,F,0,0,0,0,1,0,0,1,0,0,2,4,1,3,5,8,5,4,1,0,35,0,35
2019,30 Malignant neoplasms of liver,T,0,0,0,0,1,0,0,2,0,1,7,18,25,29,26,23,17,7,7,0,163,1,164
2019,31 Malignant neoplasms of intrahepatic bile duct carcinoma,M,0,0,0,0,0,0,0,2,1,1,7,5,10,10,5,3,6,3,1,0,54,0,54
2019,31 Malignant neoplasms of intrahepatic bile duct carcinoma,F,0,0,0,0,0,0,0,0,2,2,2,7,8,12,10,4,8,4,2,0,61,0,61
2019,31 Malignant neoplasms of intrahepatic bile duct carcinoma,T,0,0,0,0,0,0,0,2,3,3,9,12,18,22,15,7,14,7,3,0,115,0,115
2019,32 Malignant neoplasms of gallbladder and extrahepatic bile ducts,M,0,0,0,0,0,0,1,0,1,1,2,2,4,5,4,1,4,2,0,0,27,0,27
2019,32 Malignant neoplasms of gallbladder and extrahepatic bile ducts,F,0,0,0,0,0,0,0,1,0,0,0,3,3,4,2,4,3,2,6,0,28,0,28
2019,32 Malignant neoplasms of gallbladder and extrahepatic bile ducts,T,0,0,0,0,0,0,1,1,1,1,2,5,7,9,6,5,7,4,6,0,55,0,55
2019,33 Malignant neoplasms of  pancreas,M,0,0,0,0,0,0,1,2,1,4,7,19,32,34,36,33,33,17,13,0,232,2,234
2019,33 Malignant neoplasms of  pancreas,F,0,0,0,0,0,1,0,3,1,2,9,22,21,34,44,39,23,25,17,0,241,1,242
2019,33 Malignant neoplasms of  pancreas,T,0,0,0,0,0,1,1,5,2,6,16,41,53,68,80,72,56,42,30,0,473,3,476
2019,34 Malignant neoplasms of other and ill-defined digestive organs,M,0,0,0,0,0,0,0,0,0,0,1,2,2,2,4,2,4,3,2,0,22,0,22
2019,34 Malignant neoplasms of other and ill-defined digestive organs,F,0,0,0,0,0,0,0,0,1,0,0,0,3,0,3,1,7,2,3,0,20,1,21
2019,34 Malignant neoplasms of other and ill-defined digestive organs,T,0,0,0,0,0,0,0,0,1,0,1,2,5,2,7,3,11,5,5,0,42,1,43
2019,"35 Malignant neoplasms of nasal cavity, middle ear and accessory sinuses",M,0,0,0,0,0,0,0,0,0,0,0,1,0,1,0,0,0,0,0,0,2,0,2
2019,"35 Malignant neoplasms of nasal cavity, middle ear and accessory sinuses",F,0,0,1,0,0,0,0,0,0,1,0,0,0,0,0,0,0,0,0,0,2,0,2
2019,"35 Malignant neoplasms of nasal cavity, middle ear and accessory sinuses",T,0,0,1,0,0,0,0,0,0,1,0,1,0,1,0,0,0,0,0,0,4,0,4
2019,36 Malignant neoplasms of larynx,M,0,0,0,0,0,0,0,0,0,0,0,1,2,2,3,2,0,2,3,0,15,0,15
2019,36 Malignant neoplasms of larynx,F,0,0,0,0,0,0,0,0,0,0,0,0,1,0,1,0,0,0,0,0,2,0,2
2019,36 Malignant neoplasms of larynx,T,0,0,0,0,0,0,0,0,0,0,0,1,3,2,4,2,0,2,3,0,17,0,17
2019,"37 Malignant neoplasms of trachea, bronchus and lung",M,0,0,0,0,0,0,0,1,2,7,15,44,90,112,138,125,104,70,37,0,745,17,762
2019,"37 Malignant neoplasms of trachea, bronchus and lung",F,0,0,0,0,0,0,1,3,3,12,12,49,80,113,128,137,99,76,41,0,754,7,761
2019,"37 Malignant neoplasms of trachea, bronchus and lung",T,0,0,0,0,0,0,1,4,5,19,27,93,170,225,266,262,203,146,78,0,1499,24,1523
2019,"38 Malignant neoplasms of  thymus, heart, mediastinum and pleura",M,0,0,0,0,0,1,0,0,0,0,0,2,2,0,1,0,2,0,0,0,8,0,8
2019,"38 Malignant neoplasms of  thymus, heart, mediastinum and pleura",T,0,0,0,0,0,1,0,0,0,0,0,2,2,0,1,0,2,0,0,0,8,0,8
2019,39 Malignant neoplasms of other and ill-defined sites in respiratory system and intrathoracic organs,M,0,0,0,0,0,0,0,0,0,0,0,0,1,0,0,0,0,0,0,0,1,0,1
2019,39 Malignant neoplasms of other and ill-defined sites in respiratory system and intrathoracic organs,T,0,0,0,0,0,0,0,0,0,0,0,0,1,0,0,0,0,0,0,0,1,0,1
2019,40 Malignant neoplasms of bone and articular cartilage,M,0,1,0,0,0,3,1,1,0,0,1,3,0,1,0,0,0,0,1,0,12,0,12
2019,40 Malignant neoplasms of bone and articular cartilage,F,0,0,1,1,0,1,1,0,0,1,0,1,1,0,0,0,0,2,0,0,9,0,9
2019,40 Malignant neoplasms of bone and articular cartilage,T,0,1,1,1,0,4,2,1,0,1,1,4,1,1,0,0,0,2,1,0,21,0,21
2019,41 Malignant melanoma of skin,M,0,0,0,0,0,0,2,1,1,4,1,6,6,12,11,6,12,3,7,0,72,0,72
2019,41 Malignant melanoma of skin,F,0,0,0,0,0,0,0,0,1,0,3,3,3,5,1,2,3,1,3,0,25,0,25
2019,41 Malignant melanoma of skin,T,0,0,0,0,0,0,2,1,2,4,4,9,9,17,12,8,15,4,10,0,97,0,97
2019,42 Other malignant neoplasms of skin,M,0,0,0,0,0,0,0,0,0,0,1,3,0,3,1,3,3,4,1,0,19,0,19
2019,42 Other malignant neoplasms of skin,F,0,0,0,0,0,0,0,0,0,1,0,0,1,1,1,1,1,1,5,0,12,0,12
2019,42 Other malignant neoplasms of skin,T,0,0,0,0,0,0,0,0,0,1,1,3,1,4,2,4,4,5,6,0,31,0,31
2019,43 Mesothelioma,M,0,0,0,0,0,0,0,0,0,1,0,0,4,4,8,6,7,5,1,0,36,0,36
2019,43 Mesothelioma,F,0,0,0,0,0,0,0,1,0,1,0,1,2,0,2,1,1,2,1,0,12,0,12
2019,43 Mesothelioma,T,0,0,0,0,0,0,0,1,0,2,0,1,6,4,10,7,8,7,2,0,48,0,48
2019,44 Malignant neoplasms of other mesothelial and soft tissue,M,2,1,0,0,1,0,2,0,0,2,1,5,5,2,2,3,3,1,0,0,30,0,30
2019,44 Malignant neoplasms of other mesothelial and soft tissue,F,0,0,1,1,0,0,0,2,0,1,0,4,2,2,5,2,8,5,1,0,34,0,34
2019,44 Malignant neoplasms of other mesothelial and soft tissue,T,2,1,1,1,1,0,2,2,0,3,1,9,7,4,7,5,11,6,1,0,64,0,64
2019,45 Malignant neoplasm of breast,M,0,0,0,0,0,0,0,0,1,0,0,0,1,0,0,0,0,0,1,0,3,0,3
2019,45 Malignant neoplasm of breast,F,0,0,0,0,0,0,3,7,15,28,28,51,44,41,48,48,49,33,40,0,435,2,437
2019,45 Malignant neoplasm of breast,T,0,0,0,0,0,0,3,7,16,28,28,51,45,41,48,48,49,33,41,0,438,2,440
2019,46 Malignant neoplasms of vulva and vagina,F,0,0,0,0,0,0,0,0,0,0,3,1,4,3,1,2,0,4,1,0,19,0,19
2019,46 Malignant neoplasms of vulva and vagina,T,0,0,0,0,0,0,0,0,0,0,3,1,4,3,1,2,0,4,1,0,19,0,19
2019,47 Malignant neoplasms of cervix uteri,F,0,0,0,0,0,1,3,3,1,6,5,6,3,9,4,3,3,2,0,0,49,0,49
2019,47 Malignant neoplasms of cervix uteri,T,0,0,0,0,0,1,3,3,1,6,5,6,3,9,4,3,3,2,0,0,49,0,49
2019,"48 Malignant neoplasms of corpus uteri and uterus, part unspecified",F,0,0,0,0,0,0,0,1,0,1,5,15,13,29,24,15,17,10,6,0,136,0,136
2019,"48 Malignant neoplasms of corpus uteri and uterus, part unspecified",T,0,0,0,0,0,0,0,1,0,1,5,15,13,29,24,15,17,10,6,0,136,0,136
2019,49 Malignant neoplasms of  ovary,F,0,0,0,0,0,0,0,1,2,5,7,19,24,25,22,19,16,15,8,0,163,2,165
2019,49 Malignant neoplasms of  ovary,T,0,0,0,0,0,0,0,1,2,5,7,19,24,25,22,19,16,15,8,0,163,2,165
2019,50 Malignant neoplasms of other and unspecified female genital organs,F,0,0,0,0,0,0,0,0,0,0,0,0,3,3,1,2,2,1,1,0,13,0,13
2019,50 Malignant neoplasms of other and unspecified female genital organs,T,0,0,0,0,0,0,0,0,0,0,0,0,3,3,1,2,2,1,1,0,13,0,13
2019,51 Malignant neoplasms of prostate,M,0,0,0,0,0,0,0,0,0,2,1,8,24,29,58,66,75,104,68,0,435,4,439
2019,51 Malignant neoplasms of prostate,F,0,0,0,0,0,0,0,0,0,0,0,0,0,0,0,0,1,0,0,0,1,0,1
2019,51 Malignant neoplasms of prostate,T,0,0,0,0,0,0,0,0,0,2,1,8,24,29,58,66,76,104,68,0,436,4,440
2019,52 Malignant neoplasms of testis,M,0,0,0,1,0,0,1,0,0,0,0,0,1,0,0,0,0,0,0,0,3,0,3
2019,52 Malignant neoplasms of testis,T,0,0,0,1,0,0,1,0,0,0,0,0,1,0,0,0,0,0,0,0,3,0,3
2019,53 Malignant neoplasms of penis and other and unspecified male genital organs,M,0,0,0,0,0,0,0,0,0,0,0,0,1,2,0,0,1,1,0,0,5,0,5
2019,53 Malignant neoplasms of penis and other and unspecified male genital organs,T,0,0,0,0,0,0,0,0,0,0,0,0,1,2,0,0,1,1,0,0,5,0,5
2019,54 Malignant neoplasms of kidney and renal pelvis,M,1,0,0,0,0,0,0,2,0,0,2,7,14,21,16,8,8,13,7,0,99,0,99
2019,54 Malignant neoplasms of kidney and renal pelvis,F,0,0,0,0,0,0,0,0,1,1,1,4,0,2,7,6,6,5,5,0,38,1,39
2019,54 Malignant neoplasms of kidney and renal pelvis,T,1,0,0,0,0,0,0,2,1,1,3,11,14,23,23,14,14,18,12,0,137,1,138
2019,55 Malignant neoplasms of bladder,M,0,0,0,0,0,0,0,1,0,2,1,3,5,16,13,14,21,20,11,0,107,0,107
2019,55 Malignant neoplasms of bladder,F,0,0,0,0,0,0,0,0,0,1,1,3,2,2,4,10,5,12,15,0,55,0,55
2019,55 Malignant neoplasms of bladder,T,0,0,0,0,0,0,0,1,0,3,2,6,7,18,17,24,26,32,26,0,162,0,162
2019,56 Malignant neoplasms of other and unspecified sites within the urinary tract,M,0,0,0,0,0,0,0,0,0,1,0,2,4,9,11,10,8,7,4,0,56,0,56
2019,56 Malignant neoplasms of other and unspecified sites within the urinary tract,F,0,0,0,0,0,0,0,0,0,1,0,2,4,2,2,2,3,2,4,0,22,0,22
2019,56 Malignant neoplasms of other and unspecified sites within the urinary tract,T,0,0,0,0,0,0,0,0,0,2,0,4,8,11,13,12,11,9,8,0,78,0,78
2019,57 Malignant neoplasm of eye and adnexa,M,0,0,0,0,0,0,0,1,0,0,0,0,0,0,0,1,0,0,1,0,3,0,3
2019,57 Malignant neoplasm of eye and adnexa,F,0,0,0,0,0,0,0,0,0,0,0,2,0,0,0,1,0,0,0,0,3,0,3
2019,57 Malignant neoplasm of eye and adnexa,T,0,0,0,0,0,0,0,1,0,0,0,2,0,0,0,2,0,0,1,0,6,0,6
2019,58 Malignant neoplasms of brain,M,0,1,1,0,0,0,1,2,5,6,11,17,21,15,21,6,8,3,8,0,126,4,130
2019,58 Malignant neoplasms of brain,F,1,1,0,0,0,1,3,0,4,2,3,8,19,13,16,6,6,5,2,0,90,0,90
2019,58 Malignant neoplasms of brain,T,1,2,1,0,0,1,4,2,9,8,14,25,40,28,37,12,14,8,10,0,216,4,220
2019,59 Malignant neoplasms of other parts of central nervous system,M,0,0,0,0,0,0,0,0,0,0,0,0,0,0,0,0,0,2,0,0,2,1,3
2019,59 Malignant neoplasms of other parts of central nervous system,T,0,0,0,0,0,0,0,0,0,0,0,0,0,0,0,0,0,2,0,0,2,1,3
2019,60 Malignant neoplasms of thyroid and other endocrine glands,M,1,0,0,0,0,0,1,0,0,1,1,1,1,2,2,3,0,2,1,0,16,0,16
2019,60 Malignant neoplasms of thyroid and other endocrine glands,F,0,2,0,0,0,0,0,0,0,0,0,1,1,5,4,3,0,5,2,0,23,0,23
2019,60 Malignant neoplasms of thyroid and other endocrine glands,T,1,2,0,0,0,0,1,0,0,1,1,2,2,7,6,6,0,7,3,0,39,0,39
2019,61 Other malignant neoplasms of other and unspecified sites,M,0,0,0,0,0,0,0,0,0,0,0,0,1,2,0,0,1,0,2,0,6,0,6
2019,61 Other malignant neoplasms of other and unspecified sites,F,0,0,0,0,0,0,0,0,0,0,0,0,2,0,0,0,1,0,1,0,4,0,4
2019,61 Other malignant neoplasms of other and unspecified sites,T,0,0,0,0,0,0,0,0,0,0,0,0,3,2,0,0,2,0,3,0,10,0,10
2019,62 Hodgkin's disease,M,0,0,0,0,0,0,0,0,0,1,0,0,1,0,0,2,3,0,0,0,7,0,7
2019,62 Hodgkin's disease,F,0,0,0,0,0,0,0,0,0,0,0,0,0,0,0,0,1,1,0,0,2,0,2
2019,62 Hodgkin's disease,T,0,0,0,0,0,0,0,0,0,1,0,0,1,0,0,2,4,1,0,0,9,0,9
2019,63 Non-Hodgkin's lymphoma,M,0,1,0,0,0,0,0,2,0,2,3,7,13,11,18,21,26,21,9,0,134,2,136
2019,63 Non-Hodgkin's lymphoma,F,0,0,0,0,0,0,2,0,0,3,1,6,7,9,15,15,17,12,9,0,96,1,97
2019,63 Non-Hodgkin's lymphoma,T,0,1,0,0,0,0,2,2,0,5,4,13,20,20,33,36,43,33,18,0,230,3,233
2019,"64 Malignant neoplasms of other and unspecified lymphoid, hematopoietic and related tissue",F,0,0,0,0,0,0,0,0,0,0,0,0,0,1,0,0,1,1,1,0,4,0,4
2019,"64 Malignant neoplasms of other and unspecified lymphoid, hematopoietic and related tissue",T,0,0,0,0,0,0,0,0,0,0,0,0,0,1,0,0,1,1,1,0,4,0,4
2019,65 Malignant immunoproliferative diseases,F,0,0,0,0,0,0,0,0,0,0,0,0,0,0,0,0,0,1,0,0,1,0,1
2019,65 Malignant immunoproliferative diseases,T,0,0,0,0,0,0,0,0,0,0,0,0,0,0,0,0,0,1,0,0,1,0,1
2019,66 Multiple myeloma and malignant plasma cell neoplasms,M,0,0,0,0,0,0,0,1,1,0,5,2,5,6,13,17,6,8,5,0,69,0,69
2019,66 Multiple myeloma and malignant plasma cell neoplasms,F,0,0,0,0,0,0,0,0,0,0,1,1,2,6,11,7,6,8,5,0,47,1,48
2019,66 Multiple myeloma and malignant plasma cell neoplasms,T,0,0,0,0,0,0,0,1,1,0,6,3,7,12,24,24,12,16,10,0,116,1,117
2019,67 Lymphoid leukemia,M,1,0,0,0,0,0,0,0,0,1,0,5,3,3,2,10,4,6,9,0,44,0,44
2019,67 Lymphoid leukemia,F,0,0,0,0,0,1,0,0,0,0,0,0,1,1,2,5,1,7,6,0,24,0,24
2019,67 Lymphoid leukemia,T,1,0,0,0,0,1,0,0,0,1,0,5,4,4,4,15,5,13,15,0,68,0,68
2019,68 Myeloid leukemia,M,0,1,0,0,0,0,0,0,0,2,1,1,5,7,11,13,13,5,3,0,62,1,63
2019,68 Myeloid leukemia,F,0,0,1,1,0,0,1,0,1,1,0,5,3,7,7,17,4,7,4,0,59,0,59
2019,68 Myeloid leukemia,T,0,1,1,1,0,0,1,0,1,3,1,6,8,14,18,30,17,12,7,0,121,1,122
2019,69 Monocytic leukemia,M,0,0,0,0,0,0,0,0,0,0,0,0,0,0,2,1,2,0,0,0,5,0,5
2019,69 Monocytic leukemia,F,0,0,0,0,0,0,0,0,0,0,0,0,0,2,0,0,1,2,0,0,5,0,5
2019,69 Monocytic leukemia,T,0,0,0,0,0,0,0,0,0,0,0,0,0,2,2,1,3,2,0,0,10,0,10
2019,70 Other and unspecified leukemia,M,0,0,0,0,0,0,0,0,0,0,1,1,2,3,1,2,5,3,4,0,22,0,22
2019,70 Other and unspecified leukemia,F,0,0,0,0,0,0,0,0,0,1,0,1,0,0,3,5,3,5,6,0,24,1,25
2019,70 Other and unspecified leukemia,T,0,0,0,0,0,0,0,0,0,1,1,2,2,3,4,7,8,8,10,0,46,1,47
2019,"71 Benign neoplasms of eye, brain and other parts of central nervous system",M,0,0,0,0,0,0,0,0,0,0,0,1,0,0,0,1,0,0,0,0,2,0,2
2019,"71 Benign neoplasms of eye, brain and other parts of central nervous system",F,0,0,0,0,0,0,0,0,0,0,0,0,0,1,0,0,1,2,0,0,4,0,4
2019,"71 Benign neoplasms of eye, brain and other parts of central nervous system",T,0,0,0,0,0,0,0,0,0,0,0,1,0,1,0,1,1,2,0,0,6,0,6
2019,72 Benign neoplasms of other and unspecified sites,M,0,0,0,0,0,0,0,0,0,0,1,1,0,0,0,0,0,0,1,0,3,0,3
2019,72 Benign neoplasms of other and unspecified sites,F,0,0,0,0,0,0,0,1,0,0,0,0,0,0,0,0,0,1,1,0,3,0,3
2019,72 Benign neoplasms of other and unspecified sites,T,0,0,0,0,0,0,0,1,0,0,1,1,0,0,0,0,0,1,2,0,6,0,6
2019,73 Neoplasms of uncertain or unknown behavior of specified sites,M,1,0,0,0,0,0,0,1,1,0,1,3,4,5,6,13,14,9,6,0,64,0,64
2019,73 Neoplasms of uncertain or unknown behavior of specified sites,F,0,0,0,0,0,0,0,0,1,0,0,2,2,4,1,5,10,9,19,0,53,0,53
2019,73 Neoplasms of uncertain or unknown behavior of specified sites,T,1,0,0,0,0,0,0,1,2,0,1,5,6,9,7,18,24,18,25,0,117,0,117
2019,74 Neoplasm of uncertain or unknown behavior of unspecified sites,M,0,0,0,0,0,0,0,0,0,0,0,0,1,0,0,0,0,0,0,0,1,0,1
2019,74 Neoplasm of uncertain or unknown behavior of unspecified sites,F,0,0,0,0,0,0,1,0,0,0,0,0,2,0,0,0,0,0,0,0,3,0,3
2019,74 Neoplasm of uncertain or unknown behavior of unspecified sites,T,0,0,0,0,0,0,1,0,0,0,0,0,3,0,0,0,0,0,0,0,4,0,4
2019,75 Nutritional anemias,F,0,0,0,0,0,0,0,0,0,0,0,0,0,0,0,0,0,1,1,0,2,0,2
2019,75 Nutritional anemias,T,0,0,0,0,0,0,0,0,0,0,0,0,0,0,0,0,0,1,1,0,2,0,2
2019,76 Hemolytic anemias,F,0,0,0,0,1,0,0,0,0,0,0,0,0,0,0,0,0,0,0,0,1,0,1
2019,76 Hemolytic anemias,T,0,0,0,0,1,0,0,0,0,0,0,0,0,0,0,0,0,0,0,0,1,0,1
2019,77 Aplastic anemias,M,0,0,0,0,1,0,0,0,0,0,0,0,0,0,0,0,0,1,0,0,2,0,2
2019,77 Aplastic anemias,F,0,0,0,0,0,0,0,0,1,0,0,0,0,0,0,0,0,2,2,0,5,0,5
2019,77 Aplastic anemias,T,0,0,0,0,1,0,0,0,1,0,0,0,0,0,0,0,0,3,2,0,7,0,7
2019,78 Acute posthemorrhagic and other anemias,M,0,0,0,0,0,0,0,0,0,0,0,0,0,0,0,1,3,2,8,0,14,0,14
2019,78 Acute posthemorrhagic and other anemias,F,0,0,0,0,0,0,0,0,0,0,0,0,0,0,1,2,1,2,3,0,9,0,9
2019,78 Acute posthemorrhagic and other anemias,T,0,0,0,0,0,0,0,0,0,0,0,0,0,0,1,3,4,4,11,0,23,0,23
2019,"79 Coagulation defects, purpura and other hemorrhagic conditions",M,0,0,0,0,0,1,0,0,0,0,1,0,0,1,0,1,0,2,0,0,6,0,6
2019,"79 Coagulation defects, purpura and other hemorrhagic conditions",F,0,0,0,1,0,0,0,0,0,1,0,0,0,0,1,1,2,2,2,0,10,0,10
2019,"79 Coagulation defects, purpura and other hemorrhagic conditions",T,0,0,0,1,0,1,0,0,0,1,1,0,0,1,1,2,2,4,2,0,16,0,16
2019,80 Other diseases of blood and blood-forming organs,M,0,0,0,0,0,0,0,0,0,0,0,0,1,1,1,1,0,1,0,0,5,0,5
2019,80 Other diseases of blood and blood-forming organs,F,0,0,0,0,0,0,0,0,0,0,0,1,2,1,0,0,0,1,1,0,6,0,6
2019,80 Other diseases of blood and blood-forming organs,T,0,0,0,0,0,0,0,0,0,0,0,1,3,2,1,1,0,2,1,0,11,0,11
2019,81 Certain disorders involving the immune mechanism,M,0,0,0,0,0,0,0,1,0,1,0,1,0,0,1,0,0,1,1,0,6,0,6
2019,81 Certain disorders involving the immune mechanism,F,0,0,0,0,0,0,0,0,1,0,1,0,0,1,0,0,0,0,0,0,3,0,3
2019,81 Certain disorders involving the immune mechanism,T,0,0,0,0,0,0,0,1,1,1,1,1,0,1,1,0,0,1,1,0,9,0,9
2019,82 Disorders of thyroid gland,M,0,0,0,0,0,0,0,0,0,0,0,0,1,0,0,0,0,0,3,0,4,0,4
2019,82 Disorders of thyroid gland,F,0,0,0,0,0,0,0,0,0,0,0,0,0,0,1,0,0,1,6,0,8,0,8
2019,82 Disorders of thyroid gland,T,0,0,0,0,0,0,0,0,0,0,0,0,1,0,1,0,0,1,9,0,12,0,12
2019,83 Diabetes mellitus,M,0,0,0,0,1,1,4,3,8,10,12,16,29,33,44,40,42,33,29,0,305,8,313
2019,83 Diabetes mellitus,F,0,0,0,0,1,1,1,4,0,2,6,19,22,24,31,33,29,38,42,0,253,3,256
2019,83 Diabetes mellitus,T,0,0,0,0,2,2,5,7,8,12,18,35,51,57,75,73,71,71,71,0,558,11,569
2019,84 Disorders of pituitary gland,M,0,0,0,0,0,0,0,0,0,0,0,0,0,0,0,0,1,0,0,0,1,0,1
2019,84 Disorders of pituitary gland,F,0,0,0,0,0,0,0,1,0,0,0,0,0,0,0,0,0,0,0,0,1,0,1
2019,84 Disorders of pituitary gland,T,0,0,0,0,0,0,0,1,0,0,0,0,0,0,0,0,1,0,0,0,2,0,2
2019,85 Other endocrine diseases,M,0,0,0,0,0,0,0,0,0,0,0,0,0,0,1,0,2,2,0,0,5,0,5
2019,85 Other endocrine diseases,F,0,0,0,0,0,0,0,0,0,0,0,0,0,0,1,0,1,1,1,0,4,0,4
2019,85 Other endocrine diseases,T,0,0,0,0,0,0,0,0,0,0,0,0,0,0,2,0,3,3,1,0,9,0,9
2019,86 Other and unspecified malnutrition,M,0,0,0,0,0,0,0,0,0,0,0,0,0,0,0,0,0,1,0,0,1,0,1
2019,86 Other and unspecified malnutrition,F,0,0,0,0,0,0,0,0,0,0,1,0,0,0,1,1,1,4,2,0,10,0,10
2019,86 Other and unspecified malnutrition,T,0,0,0,0,0,0,0,0,0,0,1,0,0,0,1,1,1,5,2,0,11,0,11
2019,87 Obesity and other hyperalimentation,M,0,0,0,0,0,0,0,0,2,3,6,4,5,8,4,4,0,0,0,0,36,0,36
2019,87 Obesity and other hyperalimentation,F,0,0,0,0,0,0,0,0,0,5,3,3,3,3,6,3,0,0,0,0,26,0,26
2019,87 Obesity and other hyperalimentation,T,0,0,0,0,0,0,0,0,2,8,9,7,8,11,10,7,0,0,0,0,62,0,62
2019,88 Cystic fibrosis,F,0,0,0,0,0,0,0,0,1,0,0,0,0,0,0,0,0,0,1,0,2,0,2
2019,88 Cystic fibrosis,T,0,0,0,0,0,0,0,0,1,0,0,0,0,0,0,0,0,0,1,0,2,0,2
2019,"89 Volume depletion, disorders of fluid, electrolyte and acid-base balance",M,0,0,0,0,0,0,0,1,0,0,0,0,0,2,3,3,4,5,5,0,23,1,24
2019,"89 Volume depletion, disorders of fluid, electrolyte and acid-base balance",F,0,0,0,0,1,0,0,0,0,0,0,0,1,1,5,4,5,7,9,0,33,0,33
2019,"89 Volume depletion, disorders of fluid, electrolyte and acid-base balance",T,0,0,0,0,1,0,0,1,0,0,0,0,1,3,8,7,9,12,14,0,56,1,57
2019,90 Other metabolic disorders,M,4,1,0,0,0,0,0,0,1,1,2,2,7,4,8,6,3,8,4,0,51,1,52
2019,90 Other metabolic disorders,F,3,0,1,0,1,1,1,1,0,0,0,1,4,4,7,3,3,5,3,0,38,2,40
2019,90 Other metabolic disorders,T,7,1,1,0,1,1,1,1,1,1,2,3,11,8,15,9,6,13,7,0,89,3,92
2019,91 Organic dementia,M,0,0,0,0,0,0,0,0,0,0,0,0,5,13,36,77,140,225,264,0,760,3,763
2019,91 Organic dementia,F,0,0,0,0,0,0,0,0,0,0,1,1,4,15,33,75,144,272,685,0,1230,4,1234
2019,91 Organic dementia,T,0,0,0,0,0,0,0,0,0,0,1,1,9,28,69,152,284,497,949,0,1990,7,1997
2019,92 Other and unspecified organic mental disorders,M,0,0,0,0,1,0,0,0,0,0,0,0,2,1,1,1,2,3,2,0,13,0,13
2019,92 Other and unspecified organic mental disorders,F,0,0,0,0,0,0,0,0,0,0,0,0,0,0,0,0,2,1,2,0,5,0,5
2019,92 Other and unspecified organic mental disorders,T,0,0,0,0,1,0,0,0,0,0,0,0,2,1,1,1,4,4,4,0,18,0,18
2019,93 Mental and behavioral disorders due to use of alcohol,M,0,0,0,0,0,1,5,2,7,10,15,21,19,13,7,6,4,1,0,0,111,2,113
2019,93 Mental and behavioral disorders due to use of alcohol,F,0,0,0,0,0,1,0,2,4,1,5,3,6,3,3,5,0,1,1,0,35,1,36
2019,93 Mental and behavioral disorders due to use of alcohol,T,0,0,0,0,0,2,5,4,11,11,20,24,25,16,10,11,4,2,1,0,146,3,149
2019,94 Mental and behavioral disorders due to other psychoactive substance use,M,0,0,0,0,0,1,1,1,1,0,2,0,1,1,0,0,0,0,0,0,8,0,8
2019,94 Mental and behavioral disorders due to other psychoactive substance use,F,0,0,0,0,1,1,1,1,1,0,1,0,1,1,0,0,0,0,0,0,8,0,8
2019,94 Mental and behavioral disorders due to other psychoactive substance use,T,0,0,0,0,1,2,2,2,2,0,3,0,2,2,0,0,0,0,0,0,16,0,16
2019,"95 Schizophrenia, schizotypal and delusional disorders",M,0,0,0,0,0,0,0,0,0,0,0,0,0,0,0,0,1,0,0,0,1,0,1
2019,"95 Schizophrenia, schizotypal and delusional disorders",F,0,0,0,0,0,0,0,0,0,0,0,0,0,0,0,0,2,0,0,0,2,0,2
2019,"95 Schizophrenia, schizotypal and delusional disorders",T,0,0,0,0,0,0,0,0,0,0,0,0,0,0,0,0,3,0,0,0,3,0,3
2019,96 Mood (affective) disorders,M,0,0,0,0,0,0,0,0,0,0,0,0,1,1,0,0,0,0,1,0,3,0,3
2019,96 Mood (affective) disorders,F,0,0,0,0,0,0,0,0,0,0,0,0,0,1,2,1,0,0,3,0,7,0,7
2019,96 Mood (affective) disorders,T,0,0,0,0,0,0,0,0,0,0,0,0,1,2,2,1,0,0,4,0,10,0,10
2019,97 Mental retardation,F,0,0,0,0,0,0,0,0,0,0,0,0,1,0,0,0,0,0,0,0,1,0,1
2019,97 Mental retardation,T,0,0,0,0,0,0,0,0,0,0,0,0,1,0,0,0,0,0,0,0,1,0,1
2019,98 Other and unspecified mental and behavioral disorders,F,0,0,0,0,0,0,2,0,0,0,0,0,0,0,0,0,0,0,0,0,2,0,2
2019,98 Other and unspecified mental and behavioral disorders,T,0,0,0,0,0,0,2,0,0,0,0,0,0,0,0,0,0,0,0,0,2,0,2
2019,99 Meningitis,M,0,0,0,0,0,0,0,1,0,0,1,0,0,0,1,1,0,0,0,0,4,0,4
2019,99 Meningitis,F,0,0,0,0,0,0,0,0,0,1,0,0,0,0,1,0,1,0,0,0,3,0,3
2019,99 Meningitis,T,0,0,0,0,0,0,0,1,0,1,1,0,0,0,2,1,1,0,0,0,7,0,7
2019,100 Other inflammatory diseases of central nervous system,M,0,0,0,0,0,0,0,0,0,0,1,1,1,1,1,1,0,1,0,0,7,0,7
2019,100 Other inflammatory diseases of central nervous system,F,0,0,0,0,1,0,0,1,0,0,1,0,0,0,0,0,0,1,0,0,4,0,4
2019,100 Other inflammatory diseases of central nervous system,T,0,0,0,0,1,0,0,1,0,0,2,1,1,1,1,1,0,2,0,0,11,0,11
2019,101 Parkinson's disease,M,0,0,0,0,0,0,0,0,0,1,0,0,4,8,11,28,27,34,19,0,132,0,132
2019,101 Parkinson's disease,F,0,0,0,0,0,0,0,0,0,0,0,1,3,2,7,11,20,23,19,0,86,1,87
2019,101 Parkinson's disease,T,0,0,0,0,0,0,0,0,0,1,0,1,7,10,18,39,47,57,38,0,218,1,219
2019,102 Alzheimer's disease,M,0,0,0,0,0,0,0,0,0,0,0,1,1,2,11,23,21,29,25,0,113,0,113
2019,102 Alzheimer's disease,F,0,0,0,0,0,0,0,0,0,0,0,1,2,1,7,23,40,47,95,0,216,1,217
2019,102 Alzheimer's disease,T,0,0,0,0,0,0,0,0,0,0,0,2,3,3,18,46,61,76,120,0,329,1,330
2019,103 Multiple sclerosis,M,0,0,0,0,0,0,0,1,1,1,1,4,3,2,4,7,1,0,1,0,26,1,27
2019,103 Multiple sclerosis,F,0,0,0,0,0,0,0,0,0,3,0,2,6,9,6,4,6,2,0,0,38,1,39
2019,103 Multiple sclerosis,T,0,0,0,0,0,0,0,1,1,4,1,6,9,11,10,11,7,2,1,0,64,2,66
2019,104 Epilepsy,M,1,1,0,0,1,1,0,0,1,0,0,1,1,0,0,2,0,1,1,0,11,0,11
2019,104 Epilepsy,F,1,0,0,0,1,0,1,1,0,0,0,0,2,1,1,1,2,2,1,0,14,0,14
2019,104 Epilepsy,T,2,1,0,0,2,1,1,1,1,0,0,1,3,1,1,3,2,3,2,0,25,0,25
2019,105 Transient cerebral ischemic attacks and related syndromes,M,0,0,0,0,0,0,0,0,0,0,0,0,0,1,0,0,0,0,0,0,1,0,1
2019,105 Transient cerebral ischemic attacks and related syndromes,T,0,0,0,0,0,0,0,0,0,0,0,0,0,1,0,0,0,0,0,0,1,0,1
2019,106 Infantile cerebral palsy,M,0,1,1,1,0,2,0,0,2,0,3,0,1,1,0,0,0,0,0,0,12,0,12
2019,106 Infantile cerebral palsy,F,1,0,1,0,0,0,1,1,2,0,0,1,0,0,0,2,1,0,0,0,10,0,10
2019,106 Infantile cerebral palsy,T,1,1,2,1,0,2,1,1,4,0,3,1,1,1,0,2,1,0,0,0,22,0,22
2019,107 All other diseases of nervous system,M,0,0,0,0,0,0,3,3,2,6,8,21,17,25,25,25,25,10,10,0,180,0,180
2019,107 All other diseases of nervous system,F,0,0,0,0,0,0,0,2,3,2,7,12,17,19,21,18,21,18,12,0,152,0,152
2019,107 All other diseases of nervous system,T,0,0,0,0,0,0,3,5,5,8,15,33,34,44,46,43,46,28,22,0,332,0,332
2019,108 VII. Diseases of the eye and adnexa,M,0,0,0,0,0,0,1,0,0,0,0,0,0,0,0,0,0,0,0,0,1,0,1
2019,108 VII. Diseases of the eye and adnexa,T,0,0,0,0,0,0,1,0,0,0,0,0,0,0,0,0,0,0,0,0,1,0,1
2019,109 VIII.Diseases of the ear and mastoid process,M,0,0,0,0,0,0,0,0,0,0,0,0,0,0,0,0,0,1,0,0,1,0,1
2019,109 VIII.Diseases of the ear and mastoid process,T,0,0,0,0,0,0,0,0,0,0,0,0,0,0,0,0,0,1,0,0,1,0,1
2019,110 Acute rheumatic fever,F,0,0,0,0,0,0,0,0,0,0,0,0,0,1,0,1,0,0,0,0,2,0,2
2019,110 Acute rheumatic fever,T,0,0,0,0,0,0,0,0,0,0,0,0,0,1,0,1,0,0,0,0,2,0,2
2019,111 Rheumatic mitral valve diseases,M,0,0,0,0,0,0,0,0,0,0,0,0,0,0,0,1,0,0,0,0,1,0,1
2019,111 Rheumatic mitral valve diseases,F,0,0,0,0,0,0,0,0,0,0,0,2,2,2,2,2,2,1,2,0,15,2,17
2019,111 Rheumatic mitral valve diseases,T,0,0,0,0,0,0,0,0,0,0,0,2,2,2,2,3,2,1,2,0,16,2,18
2019,112 Other chronic rheumatic heart diseases,M,0,0,0,0,0,0,0,0,0,0,1,0,0,0,3,2,1,3,0,0,10,1,11
2019,112 Other chronic rheumatic heart diseases,F,0,0,0,0,1,0,0,0,1,0,0,1,2,1,2,5,4,3,3,0,23,0,23
2019,112 Other chronic rheumatic heart diseases,T,0,0,0,0,1,0,0,0,1,0,1,1,2,1,5,7,5,6,3,0,33,1,34
2019,113 Essential (primary) hypertension,M,0,0,0,0,0,0,1,0,1,1,0,0,7,6,6,7,19,13,11,0,72,1,73
2019,113 Essential (primary) hypertension,F,0,0,0,0,0,0,0,0,0,0,0,0,1,7,7,6,9,20,49,0,99,0,99
2019,113 Essential (primary) hypertension,T,0,0,0,0,0,0,1,0,1,1,0,0,8,13,13,13,28,33,60,0,171,1,172
2019,114 Hypertensive heart disease,M,0,0,0,0,0,0,0,0,1,4,6,19,13,15,11,7,15,7,15,0,113,3,116
2019,114 Hypertensive heart disease,F,0,0,0,0,0,0,0,0,1,1,3,4,5,9,10,12,14,21,65,0,145,2,147
2019,114 Hypertensive heart disease,T,0,0,0,0,0,0,0,0,2,5,9,23,18,24,21,19,29,28,80,0,258,5,263
2019,115 Hypertensive renal disease,M,0,0,0,0,0,0,0,1,0,0,0,0,0,1,1,6,5,4,6,0,24,1,25
2019,115 Hypertensive renal disease,F,0,0,0,0,0,0,0,0,0,0,0,2,0,2,3,5,4,3,12,0,31,1,32
2019,115 Hypertensive renal disease,T,0,0,0,0,0,0,0,1,0,0,0,2,0,3,4,11,9,7,18,0,55,2,57
2019,116 Hypertensive heart and renal disease,M,0,0,0,0,0,0,0,0,0,0,0,0,1,3,0,2,1,9,7,0,23,0,23
2019,116 Hypertensive heart and renal disease,F,0,0,0,0,0,0,0,0,0,1,0,0,1,2,3,3,9,4,22,0,45,0,45
2019,116 Hypertensive heart and renal disease,T,0,0,0,0,0,0,0,0,0,1,0,0,2,5,3,5,10,13,29,0,68,0,68
2019,117 Acute myocardial infarction,M,0,0,0,0,0,1,0,3,7,8,26,24,51,71,68,87,89,75,80,0,590,16,606
2019,117 Acute myocardial infarction,F,0,0,0,0,0,0,0,0,1,3,2,11,26,27,35,42,66,78,157,0,448,7,455
2019,117 Acute myocardial infarction,T,0,0,0,0,0,1,0,3,8,11,28,35,77,98,103,129,155,153,237,0,1038,23,1061
2019,118 Other acute ischemic heart diseases,M,0,0,0,0,0,0,0,0,0,0,1,2,0,2,5,2,2,5,2,0,21,1,22
2019,118 Other acute ischemic heart diseases,F,0,0,0,0,0,0,0,0,0,0,0,0,2,0,1,1,4,4,7,0,19,0,19
2019,118 Other acute ischemic heart diseases,T,0,0,0,0,0,0,0,0,0,0,1,2,2,2,6,3,6,9,9,0,40,1,41
2019,"119 Atherosclerotic cardiovascular disease, so described",M,0,0,0,0,0,0,0,3,8,16,24,47,81,73,51,45,37,36,21,0,442,15,457
2019,"119 Atherosclerotic cardiovascular disease, so described",F,0,0,0,0,0,0,0,2,4,1,10,9,25,22,36,25,27,18,41,0,220,1,221
2019,"119 Atherosclerotic cardiovascular disease, so described",T,0,0,0,0,0,0,0,5,12,17,34,56,106,95,87,70,64,54,62,0,662,16,678
2019,120 All other forms of chronic ischemic heart disease,M,0,0,0,0,0,0,1,3,5,11,22,44,59,81,96,159,177,174,196,0,1028,23,1051
2019,120 All other forms of chronic ischemic heart disease,F,0,0,0,0,0,1,0,1,2,3,4,8,29,32,50,61,122,163,348,0,824,11,835
2019,120 All other forms of chronic ischemic heart disease,T,0,0,0,0,0,1,1,4,7,14,26,52,88,113,146,220,299,337,544,0,1852,34,1886
2019,121 Pulmonary embolism,M,0,0,0,0,1,0,0,1,0,1,1,4,1,1,3,4,2,4,2,0,25,1,26
2019,121 Pulmonary embolism,F,0,0,0,0,1,0,0,0,1,0,0,1,5,2,4,4,1,4,3,0,26,0,26
2019,121 Pulmonary embolism,T,0,0,0,0,2,0,0,1,1,1,1,5,6,3,7,8,3,8,5,0,51,1,52
2019,122 Other pulmonary heart disease and diseases of pulmonary circulation,M,0,0,0,0,0,0,0,0,0,0,1,1,2,1,0,4,5,2,2,0,18,2,20
2019,122 Other pulmonary heart disease and diseases of pulmonary circulation,F,0,0,0,0,0,0,0,0,0,1,0,1,1,2,1,8,4,7,7,0,32,0,32
2019,122 Other pulmonary heart disease and diseases of pulmonary circulation,T,0,0,0,0,0,0,0,0,0,1,1,2,3,3,1,12,9,9,9,0,50,2,52
2019,123 Acute and subacute endocarditis,M,0,0,0,0,0,0,0,0,1,3,2,3,0,4,2,1,1,1,0,0,18,0,18
2019,123 Acute and subacute endocarditis,F,0,0,0,0,0,0,0,0,0,0,0,0,0,2,0,1,0,0,0,0,3,0,3
2019,123 Acute and subacute endocarditis,T,0,0,0,0,0,0,0,0,1,3,2,3,0,6,2,2,1,1,0,0,21,0,21
2019,124 Diseases of pericardium and acute myocarditis,M,0,0,0,0,0,0,0,1,0,0,1,3,0,0,2,2,0,0,0,0,9,0,9
2019,124 Diseases of pericardium and acute myocarditis,F,1,0,0,0,0,0,0,0,0,0,0,0,1,0,0,0,0,0,1,0,3,0,3
2019,124 Diseases of pericardium and acute myocarditis,T,1,0,0,0,0,0,0,1,0,0,1,3,1,0,2,2,0,0,1,0,12,0,12
2019,125 Nonrheumatic mitral valve disorders,M,0,0,0,1,0,0,0,0,0,0,0,0,1,0,0,0,2,0,2,0,6,0,6
2019,125 Nonrheumatic mitral valve disorders,F,0,0,0,0,0,0,0,0,0,0,0,0,0,0,1,0,3,4,3,0,11,0,11
2019,125 Nonrheumatic mitral valve disorders,T,0,0,0,1,0,0,0,0,0,0,0,0,1,0,1,0,5,4,5,0,17,0,17
2019,126 Nonrheumatic aortic valve disorders,M,0,0,0,0,0,0,0,0,1,2,1,0,2,1,8,5,11,27,26,0,84,2,86
2019,126 Nonrheumatic aortic valve disorders,F,0,0,0,0,0,0,0,0,0,0,1,2,5,4,7,5,9,16,30,0,79,1,80
2019,126 Nonrheumatic aortic valve disorders,T,0,0,0,0,0,0,0,0,1,2,2,2,7,5,15,10,20,43,56,0,163,3,166
2019,127 All other diseases of endocardium,M,0,0,0,0,0,0,0,0,0,1,0,0,2,2,2,4,1,3,4,0,19,0,19
2019,127 All other diseases of endocardium,F,0,0,0,0,0,0,0,0,0,1,0,0,1,2,1,2,3,5,2,0,17,0,17
2019,127 All other diseases of endocardium,T,0,0,0,0,0,0,0,0,0,2,0,0,3,4,3,6,4,8,6,0,36,0,36
2019,128 Cardiomyopathy,M,1,0,0,0,0,0,1,0,3,3,3,5,11,10,11,9,10,9,2,0,78,3,81
2019,128 Cardiomyopathy,F,1,0,0,0,0,0,0,1,1,1,2,9,6,6,6,4,1,6,4,0,48,0,48
2019,128 Cardiomyopathy,T,2,0,0,0,0,0,1,1,4,4,5,14,17,16,17,13,11,15,6,0,126,3,129
2019,129 Conduction disorders and cardiac dysrhythmias,M,0,0,0,1,2,0,2,0,1,0,0,1,4,0,3,0,6,4,4,0,28,0,28
2019,129 Conduction disorders and cardiac dysrhythmias,F,0,0,0,0,0,1,0,0,0,0,0,2,2,1,2,2,4,0,10,0,24,2,26
2019,129 Conduction disorders and cardiac dysrhythmias,T,0,0,0,1,2,1,2,0,1,0,0,3,6,1,5,2,10,4,14,0,52,2,54
2019,130 Congestive heart failure,M,0,0,0,0,0,0,0,0,0,0,1,2,4,9,7,22,37,46,61,0,189,2,191
2019,130 Congestive heart failure,F,0,0,0,0,0,0,0,1,0,0,1,1,0,3,13,15,23,56,125,0,238,1,239
2019,130 Congestive heart failure,T,0,0,0,0,0,0,0,1,0,0,2,3,4,12,20,37,60,102,186,0,427,3,430
2019,131 Other and unspecified heart failure,M,0,0,0,0,0,0,0,0,0,0,2,0,2,2,2,4,11,13,19,0,55,0,55
2019,131 Other and unspecified heart failure,F,0,0,0,0,0,0,0,0,0,0,0,0,0,0,3,4,6,11,33,0,57,2,59
2019,131 Other and unspecified heart failure,T,0,0,0,0,0,0,0,0,0,0,2,0,2,2,5,8,17,24,52,0,112,2,114
2019,"132 Myocarditis, unspecified and myocardial degeneration",M,0,0,0,0,0,0,0,0,0,0,1,1,0,0,3,4,5,10,1,0,25,1,26
2019,"132 Myocarditis, unspecified and myocardial degeneration",F,0,0,0,0,0,0,0,0,0,0,0,1,0,0,0,4,4,7,15,0,31,0,31
2019,"132 Myocarditis, unspecified and myocardial degeneration",T,0,0,0,0,0,0,0,0,0,0,1,2,0,0,3,8,9,17,16,0,56,1,57
2019,133 All other and ill-defined forms of heart disease,M,0,0,0,0,0,0,0,0,2,3,0,2,4,3,3,8,5,15,12,0,57,2,59
2019,133 All other and ill-defined forms of heart disease,F,0,0,0,0,0,0,0,0,1,0,2,3,2,1,1,1,5,17,29,0,62,0,62
2019,133 All other and ill-defined forms of heart disease,T,0,0,0,0,0,0,0,0,3,3,2,5,6,4,4,9,10,32,41,0,119,2,121
2019,134 Subarachnoid hemorrhage,M,0,0,0,0,0,0,0,0,0,4,3,2,4,2,4,5,1,3,2,0,30,0,30
2019,134 Subarachnoid hemorrhage,F,0,0,0,0,0,0,2,1,3,5,5,2,3,4,8,1,2,1,3,0,40,2,42
2019,134 Subarachnoid hemorrhage,T,0,0,0,0,0,0,2,1,3,9,8,4,7,6,12,6,3,4,5,0,70,2,72
2019,135 Intracerebral and other intracranial hemorrhage,M,0,0,0,0,0,0,1,1,0,1,0,5,7,7,8,11,17,25,15,0,98,3,101
2019,135 Intracerebral and other intracranial hemorrhage,F,0,0,0,0,0,0,0,1,0,2,5,1,3,4,14,15,24,26,27,0,122,5,127
2019,135 Intracerebral and other intracranial hemorrhage,T,0,0,0,0,0,0,1,2,0,3,5,6,10,11,22,26,41,51,42,0,220,8,228
2019,136 Cerebral infarction,M,0,0,0,0,0,0,1,0,0,1,2,1,8,5,7,7,7,12,13,0,64,5,69
2019,136 Cerebral infarction,F,0,0,0,0,0,0,0,0,0,1,0,2,3,1,7,5,8,11,18,0,56,2,58
2019,136 Cerebral infarction,T,0,0,0,0,0,0,1,0,0,2,2,3,11,6,14,12,15,23,31,0,120,7,127
2019,"137 Stroke, not specified as hemorrhage or infarction",M,0,0,0,0,0,1,0,0,2,2,2,2,11,13,34,37,42,54,59,0,259,11,270
2019,"137 Stroke, not specified as hemorrhage or infarction",F,0,0,0,0,0,0,0,1,0,2,3,2,7,12,17,24,47,79,134,0,328,4,332
2019,"137 Stroke, not specified as hemorrhage or infarction",T,0,0,0,0,0,1,0,1,2,4,5,4,18,25,51,61,89,133,193,0,587,15,602
2019,138 Other cerebrovascular diseases and their sequelae,M,1,0,0,0,0,0,1,0,0,0,2,3,1,5,6,9,12,9,17,0,66,1,67
2019,138 Other cerebrovascular diseases and their sequelae,F,0,0,0,0,1,0,0,0,0,0,0,1,2,6,6,13,12,20,36,0,97,1,98
2019,138 Other cerebrovascular diseases and their sequelae,T,1,0,0,0,1,0,1,0,0,0,2,4,3,11,12,22,24,29,53,0,163,2,165
2019,139 Atherosclerosis,M,0,0,0,0,0,0,0,0,0,0,0,1,1,4,5,7,8,16,17,0,59,0,59
2019,139 Atherosclerosis,F,0,0,0,0,0,0,0,0,0,0,0,1,0,2,5,5,12,14,25,0,64,0,64
2019,139 Atherosclerosis,T,0,0,0,0,0,0,0,0,0,0,0,2,1,6,10,12,20,30,42,0,123,0,123
2019,140 Aortic aneurysm and dissection,M,0,0,0,0,0,0,0,2,1,2,2,6,10,8,12,8,8,7,15,0,81,3,84
2019,140 Aortic aneurysm and dissection,F,0,0,0,0,0,0,0,0,0,0,1,2,2,3,8,11,12,12,5,0,56,1,57
2019,140 Aortic aneurysm and dissection,T,0,0,0,0,0,0,0,2,1,2,3,8,12,11,20,19,20,19,20,0,137,4,141
2019,"141 Other diseases of arteries, arterioles and capillaries",M,0,0,0,0,0,0,0,0,0,0,0,2,5,11,5,6,7,12,11,0,59,1,60
2019,"141 Other diseases of arteries, arterioles and capillaries",F,0,0,0,0,2,0,0,0,0,0,0,1,4,0,4,8,7,9,10,0,45,2,47
2019,"141 Other diseases of arteries, arterioles and capillaries",T,0,0,0,0,2,0,0,0,0,0,0,3,9,11,9,14,14,21,21,0,104,3,107
2019,"142 Phlebitis, thrombophlebitis, venous embolism and thrombosis",M,0,0,0,0,0,0,0,1,0,0,1,0,1,0,2,0,1,1,0,0,7,1,8
2019,"142 Phlebitis, thrombophlebitis, venous embolism and thrombosis",F,0,0,0,0,0,0,0,0,0,3,1,0,5,1,1,0,0,2,2,0,15,1,16
2019,"142 Phlebitis, thrombophlebitis, venous embolism and thrombosis",T,0,0,0,0,0,0,0,1,0,3,2,0,6,1,3,0,1,3,2,0,22,2,24
2019,143 Other and unspecified acute upper respiratory infections,M,0,0,0,0,0,0,0,0,0,0,0,0,0,0,0,0,0,1,0,0,1,0,1
2019,143 Other and unspecified acute upper respiratory infections,F,0,0,0,0,0,0,0,0,0,0,0,0,0,0,0,0,0,1,0,0,1,0,1
2019,143 Other and unspecified acute upper respiratory infections,T,0,0,0,0,0,0,0,0,0,0,0,0,0,0,0,0,0,2,0,0,2,0,2
2019,144 Influenza,M,0,0,0,0,0,0,1,0,1,0,0,3,0,4,3,3,4,5,4,0,28,1,29
2019,144 Influenza,F,0,0,0,0,0,1,2,1,1,2,2,1,1,1,2,2,4,7,13,0,40,0,40
2019,144 Influenza,T,0,0,0,0,0,1,3,1,2,2,2,4,1,5,5,5,8,12,17,0,68,1,69
2019,"145 Viral pneumonia, not elsewhere classified",M,0,0,0,0,0,0,0,0,0,0,0,0,1,0,0,0,0,1,0,0,2,0,2
2019,"145 Viral pneumonia, not elsewhere classified",F,1,0,0,0,0,0,0,0,0,0,0,0,0,0,0,0,0,1,1,0,3,0,3
2019,"145 Viral pneumonia, not elsewhere classified",T,1,0,0,0,0,0,0,0,0,0,0,0,1,0,0,0,0,2,1,0,5,0,5
2019,146 Bacterial pneumonia,M,0,0,0,0,0,0,0,0,0,0,0,1,2,0,1,0,0,1,1,0,6,0,6
2019,146 Bacterial pneumonia,F,0,0,0,0,0,0,0,0,0,1,2,0,2,0,0,0,1,1,2,0,9,0,9
2019,146 Bacterial pneumonia,T,0,0,0,0,0,0,0,0,0,1,2,1,4,0,1,0,1,2,3,0,15,0,15
2019,147 Pneumonia due to other or unspecified organisms,M,0,0,0,1,0,0,0,1,2,1,4,9,13,12,13,27,28,42,69,0,222,3,225
2019,147 Pneumonia due to other or unspecified organisms,F,0,1,0,0,1,0,0,2,2,5,2,7,6,4,11,14,32,33,85,0,205,2,207
2019,147 Pneumonia due to other or unspecified organisms,T,0,1,0,1,1,0,0,3,4,6,6,16,19,16,24,41,60,75,154,0,427,5,432
2019,148 Acute bronchitis and bronchiolitis,M,0,0,0,0,0,0,0,0,0,0,0,3,0,0,0,0,0,0,0,0,3,0,3
2019,148 Acute bronchitis and bronchiolitis,F,0,0,0,0,0,0,0,0,0,0,1,0,0,1,0,0,1,1,1,0,5,1,6
2019,148 Acute bronchitis and bronchiolitis,T,0,0,0,0,0,0,0,0,0,0,1,3,0,1,0,0,1,1,1,0,8,1,9
2019,149 Unspecified acute lower respiratory infection,M,0,0,0,0,0,0,0,0,0,0,0,0,0,0,0,1,0,1,0,0,2,0,2
2019,149 Unspecified acute lower respiratory infection,F,0,0,0,0,0,0,0,0,0,0,0,0,0,0,0,0,0,1,0,0,1,0,1
2019,149 Unspecified acute lower respiratory infection,T,0,0,0,0,0,0,0,0,0,0,0,0,0,0,0,1,0,2,0,0,3,0,3
2019,150 Other diseases of upper respiratory tract,F,0,0,0,0,0,0,0,0,0,0,0,0,0,0,0,1,0,0,1,0,2,0,2
2019,150 Other diseases of upper respiratory tract,T,0,0,0,0,0,0,0,0,0,0,0,0,0,0,0,1,0,0,1,0,2,0,2
2019,"151 Bronchitis, not specified as acute or chronic",F,0,0,0,0,0,0,0,0,0,0,0,0,1,0,0,0,0,1,0,0,2,0,2
2019,"151 Bronchitis, not specified as acute or chronic",T,0,0,0,0,0,0,0,0,0,0,0,0,1,0,0,0,0,1,0,0,2,0,2
2019,152 Chronic bronchitis,F,0,0,0,0,0,0,0,0,0,0,0,0,0,0,1,0,0,0,0,0,1,0,1
2019,152 Chronic bronchitis,T,0,0,0,0,0,0,0,0,0,0,0,0,0,0,1,0,0,0,0,0,1,0,1
2019,153 Emphysema,M,0,0,0,0,0,0,0,0,0,0,1,0,0,4,4,3,5,1,4,0,22,0,22
2019,153 Emphysema,F,0,0,0,0,0,0,0,0,0,0,2,1,2,5,5,2,1,1,4,0,23,0,23
2019,153 Emphysema,T,0,0,0,0,0,0,0,0,0,0,3,1,2,9,9,5,6,2,8,0,45,0,45
2019,154 Other chronic obstructive pulmonary disease,M,0,0,0,0,0,0,0,0,0,2,4,29,43,53,77,99,93,113,76,0,589,9,598
2019,154 Other chronic obstructive pulmonary disease,F,0,0,0,0,0,0,0,0,1,1,12,14,34,41,67,101,93,88,106,0,558,3,561
2019,154 Other chronic obstructive pulmonary disease,T,0,0,0,0,0,0,0,0,1,3,16,43,77,94,144,200,186,201,182,0,1147,12,1159
2019,155 Asthma,M,0,1,0,0,0,0,0,0,0,0,0,0,1,1,1,0,3,2,0,0,9,0,9
2019,155 Asthma,F,0,0,0,0,0,0,0,1,2,1,0,1,0,0,0,1,1,2,4,0,13,0,13
2019,155 Asthma,T,0,1,0,0,0,0,0,1,2,1,0,1,1,1,1,1,4,4,4,0,22,0,22
2019,156 Bronchiectasis,M,0,0,0,0,0,0,0,0,0,0,0,0,0,1,2,0,1,2,0,0,6,0,6
2019,156 Bronchiectasis,F,0,0,0,0,0,0,0,0,0,0,0,0,0,1,0,3,3,1,2,0,10,0,10
2019,156 Bronchiectasis,T,0,0,0,0,0,0,0,0,0,0,0,0,0,2,2,3,4,3,2,0,16,0,16
2019,157 Pneumoconioses and chemical effects,M,0,0,0,0,0,0,0,0,0,0,0,0,3,0,0,3,4,0,3,0,13,0,13
2019,157 Pneumoconioses and chemical effects,T,0,0,0,0,0,0,0,0,0,0,0,0,3,0,0,3,4,0,3,0,13,0,13
2019,158 Pneumonitis due to food and vomit,M,0,0,0,1,0,0,0,0,0,0,1,3,3,10,6,14,12,20,32,0,102,1,103
2019,158 Pneumonitis due to food and vomit,F,0,0,0,0,0,0,0,0,0,1,0,0,2,5,0,7,8,11,28,0,62,0,62
2019,158 Pneumonitis due to food and vomit,T,0,0,0,1,0,0,0,0,0,1,1,3,5,15,6,21,20,31,60,0,164,1,165
2019,159 Other lung diseases due to external agents,F,0,0,0,0,0,0,0,0,0,0,0,0,0,0,0,0,0,0,1,0,1,0,1
2019,159 Other lung diseases due to external agents,T,0,0,0,0,0,0,0,0,0,0,0,0,0,0,0,0,0,0,1,0,1,0,1
2019,160 Suppurative and necrotic conditions of lower respiratory tract,M,0,0,0,0,0,0,0,0,0,1,1,1,2,2,1,0,2,0,0,0,10,0,10
2019,160 Suppurative and necrotic conditions of lower respiratory tract,F,0,0,0,0,0,0,0,0,0,1,0,0,0,0,0,2,1,0,0,0,4,0,4
2019,160 Suppurative and necrotic conditions of lower respiratory tract,T,0,0,0,0,0,0,0,0,0,2,1,1,2,2,1,2,3,0,0,0,14,0,14
2019,161 Pleural effusion and plaque,M,0,0,0,0,0,0,0,0,0,0,0,0,0,0,0,1,0,3,0,0,4,0,4
2019,161 Pleural effusion and plaque,F,0,0,0,0,0,0,0,0,0,0,0,0,0,0,1,0,0,1,4,0,6,0,6
2019,161 Pleural effusion and plaque,T,0,0,0,0,0,0,0,0,0,0,0,0,0,0,1,1,0,4,4,0,10,0,10
2019,162 All other diseases of respiratory system,M,0,0,0,0,0,0,1,1,1,0,1,6,3,20,19,30,24,37,23,0,166,3,169
2019,162 All other diseases of respiratory system,F,0,0,0,0,0,0,1,0,1,3,2,6,10,11,20,19,16,16,27,0,132,4,136
2019,162 All other diseases of respiratory system,T,0,0,0,0,0,0,2,1,2,3,3,12,13,31,39,49,40,53,50,0,298,7,305
2019,"163 Diseases of oral cavity, salivary glands and jaws",M,0,0,0,0,0,0,0,0,1,0,0,0,0,0,0,0,0,0,0,0,1,0,1
2019,"163 Diseases of oral cavity, salivary glands and jaws",F,0,0,0,0,0,0,0,0,0,0,0,0,0,0,0,0,0,1,1,0,2,0,2
2019,"163 Diseases of oral cavity, salivary glands and jaws",T,0,0,0,0,0,0,0,0,1,0,0,0,0,0,0,0,0,1,1,0,3,0,3
2019,164 Diseases of esophagus,M,0,0,0,1,0,0,0,0,0,0,0,2,0,1,1,2,1,1,3,0,12,0,12
2019,164 Diseases of esophagus,F,0,0,0,0,0,0,0,0,0,0,1,0,0,0,0,1,2,1,9,0,14,0,14
2019,164 Diseases of esophagus,T,0,0,0,1,0,0,0,0,0,0,1,2,0,1,1,3,3,2,12,0,26,0,26
2019,165 Gastric ulcer,M,0,0,0,0,0,0,0,0,0,0,0,0,1,1,1,0,0,0,2,0,5,0,5
2019,165 Gastric ulcer,F,0,0,0,0,0,0,0,0,0,0,0,1,0,0,2,1,0,0,2,0,6,0,6
2019,165 Gastric ulcer,T,0,0,0,0,0,0,0,0,0,0,0,1,1,1,3,1,0,0,4,0,11,0,11
2019,166 Duodenal ulcer,M,0,0,0,0,0,0,0,1,0,0,0,0,2,0,2,4,2,1,1,0,13,0,13
2019,166 Duodenal ulcer,F,0,0,0,0,0,0,0,0,0,1,2,0,1,1,0,2,0,2,0,0,9,0,9
2019,166 Duodenal ulcer,T,0,0,0,0,0,0,0,1,0,1,2,0,3,1,2,6,2,3,1,0,22,0,22
2019,"167 Peptic ulcer, site unspecified",M,0,0,0,0,0,0,0,0,0,0,0,0,0,1,0,0,1,1,1,0,4,0,4
2019,"167 Peptic ulcer, site unspecified",F,0,0,0,0,0,0,0,0,0,0,0,0,0,1,0,0,0,1,3,0,5,0,5
2019,"167 Peptic ulcer, site unspecified",T,0,0,0,0,0,0,0,0,0,0,0,0,0,2,0,0,1,2,4,0,9,0,9
2019,168 Gastrojejunal ulcer,M,0,0,0,0,0,0,0,0,0,0,0,0,0,0,0,1,0,0,0,0,1,0,1
2019,168 Gastrojejunal ulcer,T,0,0,0,0,0,0,0,0,0,0,0,0,0,0,0,1,0,0,0,0,1,0,1
2019,169 Dyspepsia and other diseases of stomach and duodenum,M,0,0,0,0,0,0,0,0,0,0,0,0,0,0,0,1,2,2,1,0,6,0,6
2019,169 Dyspepsia and other diseases of stomach and duodenum,F,0,0,0,0,0,0,0,0,0,0,0,0,0,0,1,1,0,0,2,0,4,0,4
2019,169 Dyspepsia and other diseases of stomach and duodenum,T,0,0,0,0,0,0,0,0,0,0,0,0,0,0,1,2,2,2,3,0,10,0,10
2019,170 Diseases of appendix,M,0,0,0,0,0,0,0,0,0,0,0,0,0,0,0,0,0,1,0,0,1,0,1
2019,170 Diseases of appendix,T,0,0,0,0,0,0,0,0,0,0,0,0,0,0,0,0,0,1,0,0,1,0,1
2019,171 Hernia,M,0,0,0,0,0,0,0,0,0,0,0,1,0,1,2,3,1,3,4,0,15,0,15
2019,171 Hernia,F,0,0,0,0,0,0,0,0,0,0,0,0,1,0,1,1,2,1,7,0,13,0,13
2019,171 Hernia,T,0,0,0,0,0,0,0,0,0,0,0,1,1,1,3,4,3,4,11,0,28,0,28
2019,172 Crohn's disease and ulcerative colitis,M,0,0,0,0,0,0,0,1,1,0,0,1,0,0,1,0,2,1,0,0,7,1,8
2019,172 Crohn's disease and ulcerative colitis,F,0,0,0,0,0,0,0,0,0,1,0,1,0,0,0,0,1,1,2,0,6,2,8
2019,172 Crohn's disease and ulcerative colitis,T,0,0,0,0,0,0,0,1,1,1,0,2,0,0,1,0,3,2,2,0,13,3,16
2019,173 Vascular disorders and obstruction of intestine without hernia,M,0,0,0,0,0,0,0,0,1,1,1,3,4,9,9,13,24,17,13,0,95,1,96
2019,173 Vascular disorders and obstruction of intestine without hernia,F,0,0,0,0,0,0,0,1,0,1,0,3,1,13,17,19,27,22,36,0,140,1,141
2019,173 Vascular disorders and obstruction of intestine without hernia,T,0,0,0,0,0,0,0,1,1,2,1,6,5,22,26,32,51,39,49,0,235,2,237
2019,174 Diverticular disease of intestine,M,0,0,0,0,0,0,0,0,0,0,0,1,2,1,0,1,3,2,3,0,13,0,13
2019,174 Diverticular disease of intestine,F,0,0,0,0,0,0,0,0,0,1,0,1,4,1,0,2,3,11,2,0,25,0,25
2019,174 Diverticular disease of intestine,T,0,0,0,0,0,0,0,0,0,1,0,2,6,2,0,3,6,13,5,0,38,0,38
2019,175 Other diseases of intestines and peritoneum,M,0,0,0,0,0,0,0,0,0,0,1,1,2,1,1,3,2,3,10,0,24,0,24
2019,175 Other diseases of intestines and peritoneum,F,0,0,0,0,0,0,0,0,1,1,1,2,1,1,3,3,3,4,7,0,27,0,27
2019,175 Other diseases of intestines and peritoneum,T,0,0,0,0,0,0,0,0,1,1,2,3,3,2,4,6,5,7,17,0,51,0,51
2019,176 Diseases of peritoneum,M,0,0,0,0,0,0,0,0,0,0,0,1,2,1,2,0,1,2,0,0,9,0,9
2019,176 Diseases of peritoneum,F,0,0,0,0,0,0,0,0,0,0,0,0,3,0,0,1,2,0,1,0,7,0,7
2019,176 Diseases of peritoneum,T,0,0,0,0,0,0,0,0,0,0,0,1,5,1,2,1,3,2,1,0,16,0,16
2019,177 Alcoholic liver disease,M,0,0,0,0,0,2,2,5,3,15,20,25,19,23,13,4,2,3,0,0,136,2,138
2019,177 Alcoholic liver disease,F,0,0,0,0,0,0,4,2,3,11,7,18,6,9,4,4,0,0,1,0,69,3,72
2019,177 Alcoholic liver disease,T,0,0,0,0,0,2,6,7,6,26,27,43,25,32,17,8,2,3,1,0,205,5,210
2019,178 Fibrosis and cirrhosis of liver,M,0,0,0,0,0,0,0,2,1,5,9,7,17,11,9,10,11,4,3,0,89,2,91
2019,178 Fibrosis and cirrhosis of liver,F,0,0,0,0,0,0,1,1,2,6,7,10,12,10,10,14,6,8,2,0,89,1,90
2019,178 Fibrosis and cirrhosis of liver,T,0,0,0,0,0,0,1,3,3,11,16,17,29,21,19,24,17,12,5,0,178,3,181
2019,179 Other diseases of liver,M,1,0,0,0,0,0,0,0,0,0,1,3,7,8,11,1,5,2,1,0,40,3,43
2019,179 Other diseases of liver,F,0,0,0,0,0,0,1,0,1,2,6,4,4,8,7,4,4,3,6,0,50,0,50
2019,179 Other diseases of liver,T,1,0,0,0,0,0,1,0,1,2,7,7,11,16,18,5,9,5,7,0,90,3,93
2019,180 Cholelithiasis and other disorders of gallbladder,M,0,0,0,0,0,0,1,0,0,0,0,1,1,1,0,6,1,1,2,0,14,0,14
2019,180 Cholelithiasis and other disorders of gallbladder,F,0,0,0,0,0,0,0,0,0,0,1,1,1,2,1,0,3,2,6,0,17,1,18
2019,180 Cholelithiasis and other disorders of gallbladder,T,0,0,0,0,0,0,1,0,0,0,1,2,2,3,1,6,4,3,8,0,31,1,32
2019,181 Pancreatitis,M,0,0,0,0,1,2,0,1,3,3,2,1,2,2,1,5,1,3,0,0,27,0,27
2019,181 Pancreatitis,F,0,0,0,0,0,1,0,0,0,3,0,0,1,0,2,0,3,1,4,0,15,0,15
2019,181 Pancreatitis,T,0,0,0,0,1,3,0,1,3,6,2,1,3,2,3,5,4,4,4,0,42,0,42
2019,182 Other disorders of biliary tract and pancreas,M,0,0,0,0,0,0,0,1,0,1,0,2,0,1,5,1,4,3,3,0,21,1,22
2019,182 Other disorders of biliary tract and pancreas,F,0,0,0,0,0,0,1,0,0,0,0,0,0,3,1,1,2,4,2,0,14,0,14
2019,182 Other disorders of biliary tract and pancreas,T,0,0,0,0,0,0,1,1,0,1,0,2,0,4,6,2,6,7,5,0,35,1,36
2019,183 All other diseases of digestive system,M,0,0,0,0,0,0,0,0,0,0,1,3,4,5,3,7,9,13,12,0,57,0,57
2019,183 All other diseases of digestive system,F,0,0,0,0,0,0,0,0,0,0,0,1,0,0,2,2,8,15,26,0,54,0,54
2019,183 All other diseases of digestive system,T,0,0,0,0,0,0,0,0,0,0,1,4,4,5,5,9,17,28,38,0,111,0,111
2019,184 Infections of skin and subcutaneous tissue,M,0,0,0,0,0,0,0,0,1,0,1,0,1,1,3,1,4,2,2,0,16,0,16
2019,184 Infections of skin and subcutaneous tissue,F,0,0,0,0,0,0,0,0,0,0,1,1,1,0,0,0,3,2,6,0,14,0,14
2019,184 Infections of skin and subcutaneous tissue,T,0,0,0,0,0,0,0,0,1,0,2,1,2,1,3,1,7,4,8,0,30,0,30
2019,185 Other and unspecified diseases of skin and subcutaneous tissue,M,0,0,0,0,0,0,0,1,0,0,0,0,0,0,0,4,0,2,0,0,7,0,7
2019,185 Other and unspecified diseases of skin and subcutaneous tissue,F,0,0,0,0,0,0,0,0,0,0,3,0,0,0,1,2,2,4,1,0,13,0,13
2019,185 Other and unspecified diseases of skin and subcutaneous tissue,T,0,0,0,0,0,0,0,1,0,0,3,0,0,0,1,6,2,6,1,0,20,0,20
2019,186 Rheumatoid arthritis and related inflammatory polyarthropathies,M,0,0,0,0,0,0,0,0,0,0,0,0,1,0,0,4,3,1,1,0,10,0,10
2019,186 Rheumatoid arthritis and related inflammatory polyarthropathies,F,0,0,0,0,0,0,0,1,0,0,0,4,2,2,2,5,3,2,3,0,24,0,24
2019,186 Rheumatoid arthritis and related inflammatory polyarthropathies,T,0,0,0,0,0,0,0,1,0,0,0,4,3,2,2,9,6,3,4,0,34,0,34
2019,187 Systemic lupus erythematosus,M,0,0,0,0,0,0,0,0,0,0,0,0,0,1,0,1,0,0,0,0,2,0,2
2019,187 Systemic lupus erythematosus,F,0,0,0,0,0,0,0,0,0,0,1,1,0,1,2,2,2,0,0,0,9,0,9
2019,187 Systemic lupus erythematosus,T,0,0,0,0,0,0,0,0,0,0,1,1,0,2,2,3,2,0,0,0,11,0,11
2019,188 Other arthropathies and related disorders,M,0,0,0,0,0,0,0,0,0,1,0,2,2,3,2,3,0,3,3,0,19,1,20
2019,188 Other arthropathies and related disorders,F,0,0,0,0,0,0,0,0,1,0,3,2,2,5,3,3,8,1,6,0,34,2,36
2019,188 Other arthropathies and related disorders,T,0,0,0,0,0,0,0,0,1,1,3,4,4,8,5,6,8,4,9,0,53,3,56
2019,189 Dorsopathies,M,0,0,0,0,0,0,0,0,0,0,0,2,0,0,0,0,0,2,2,0,6,0,6
2019,189 Dorsopathies,F,0,0,0,0,0,0,0,0,0,0,0,0,1,0,2,0,1,0,0,0,4,0,4
2019,189 Dorsopathies,T,0,0,0,0,0,0,0,0,0,0,0,2,1,0,2,0,1,2,2,0,10,0,10
2019,190 Soft tissue disorders,M,0,0,0,0,0,0,0,0,0,0,0,0,2,0,1,1,2,0,4,0,10,1,11
2019,190 Soft tissue disorders,F,0,0,0,0,0,0,0,2,0,0,1,0,1,2,1,0,0,0,0,0,7,1,8
2019,190 Soft tissue disorders,T,0,0,0,0,0,0,0,2,0,0,1,0,3,2,2,1,2,0,4,0,17,2,19
2019,191 Osteoporosis,F,0,0,0,0,0,0,0,0,0,0,0,0,0,0,0,0,2,0,4,0,6,0,6
2019,191 Osteoporosis,T,0,0,0,0,0,0,0,0,0,0,0,0,0,0,0,0,2,0,4,0,6,0,6
2019,"192 Other osteopathies, chondropathies and disorders of musculoskeletal system and connective tissue",M,0,0,0,0,0,0,0,0,0,0,0,1,0,1,2,0,2,0,5,0,11,0,11
2019,"192 Other osteopathies, chondropathies and disorders of musculoskeletal system and connective tissue",F,0,0,0,0,0,0,0,0,0,1,0,1,0,2,0,0,0,1,1,0,6,0,6
2019,"192 Other osteopathies, chondropathies and disorders of musculoskeletal system and connective tissue",T,0,0,0,0,0,0,0,0,0,1,0,2,0,3,2,0,2,1,6,0,17,0,17
2019,193 Nephrotic syndrome,M,0,0,0,0,0,0,0,0,0,0,0,0,0,0,0,0,0,1,0,0,1,0,1
2019,193 Nephrotic syndrome,F,0,0,0,0,0,0,0,0,0,0,0,0,0,0,0,0,0,1,0,0,1,0,1
2019,193 Nephrotic syndrome,T,0,0,0,0,0,0,0,0,0,0,0,0,0,0,0,0,0,2,0,0,2,0,2
2019,194 Other and unspecified glomerular diseases,M,0,0,0,0,0,0,0,0,0,0,0,0,0,0,0,0,2,0,2,0,4,0,4
2019,194 Other and unspecified glomerular diseases,F,0,0,0,0,0,0,0,0,0,1,0,0,0,0,1,0,1,0,1,0,4,0,4
2019,194 Other and unspecified glomerular diseases,T,0,0,0,0,0,0,0,0,0,1,0,0,0,0,1,0,3,0,3,0,8,0,8
2019,195 Renal tubulo-interstitial diseases,M,0,0,0,0,0,0,0,0,0,0,0,0,0,1,0,0,1,3,0,0,5,0,5
2019,195 Renal tubulo-interstitial diseases,F,0,0,0,0,0,0,0,0,0,1,0,0,1,0,2,0,0,0,3,0,7,1,8
2019,195 Renal tubulo-interstitial diseases,T,0,0,0,0,0,0,0,0,0,1,0,0,1,1,2,0,1,3,3,0,12,1,13
2019,196 Renal failure,M,0,0,0,0,1,0,0,0,1,0,1,2,5,11,11,15,25,24,34,0,130,1,131
2019,196 Renal failure,F,0,0,0,0,0,0,0,1,0,1,0,0,2,9,8,17,15,23,46,0,122,1,123
2019,196 Renal failure,T,0,0,0,0,1,0,0,1,1,1,1,2,7,20,19,32,40,47,80,0,252,2,254
2019,197 Urolithiasis,M,0,0,0,0,0,0,0,0,0,0,0,1,1,0,0,2,1,1,0,0,6,0,6
2019,197 Urolithiasis,F,0,0,0,0,0,0,0,0,0,0,0,0,0,0,0,1,0,2,1,0,4,0,4
2019,197 Urolithiasis,T,0,0,0,0,0,0,0,0,0,0,0,1,1,0,0,3,1,3,1,0,10,0,10
2019,"198 Urinary tract infection, site not specified",M,0,0,0,0,0,0,0,0,0,0,0,1,2,1,4,1,5,8,9,0,31,1,32
2019,"198 Urinary tract infection, site not specified",F,0,0,0,0,0,0,0,1,0,0,0,0,2,2,3,5,6,20,20,0,59,0,59
2019,"198 Urinary tract infection, site not specified",T,0,0,0,0,0,0,0,1,0,0,0,1,4,3,7,6,11,28,29,0,90,1,91
2019,199 Other diseases of urinary system,M,0,0,0,0,0,1,0,0,0,0,0,0,1,0,1,2,2,3,2,0,12,0,12
2019,199 Other diseases of urinary system,F,0,0,0,0,0,0,0,0,0,0,0,0,1,1,2,1,0,3,2,0,10,0,10
2019,199 Other diseases of urinary system,T,0,0,0,0,0,1,0,0,0,0,0,0,2,1,3,3,2,6,4,0,22,0,22
2019,200 Hyperplasia of prostate,M,0,0,0,0,0,0,0,0,0,0,0,0,0,0,0,1,0,3,4,0,8,0,8
2019,200 Hyperplasia of prostate,T,0,0,0,0,0,0,0,0,0,0,0,0,0,0,0,1,0,3,4,0,8,0,8
2019,201 Other diseases of male genital organs,M,0,0,0,0,0,0,0,0,0,0,0,0,0,1,0,1,3,0,0,0,5,0,5
2019,201 Other diseases of male genital organs,T,0,0,0,0,0,0,0,0,0,0,0,0,0,1,0,1,3,0,0,0,5,0,5
2019,202 Disorders of breast,F,0,0,0,0,0,0,0,0,0,0,1,0,0,0,0,0,0,0,0,0,1,0,1
2019,202 Disorders of breast,T,0,0,0,0,0,0,0,0,0,0,1,0,0,0,0,0,0,0,0,0,1,0,1
2019,203 Inflammatory diseases of female pelvic organs,F,0,0,0,0,0,0,0,0,0,0,0,0,0,0,0,0,0,1,0,0,1,0,1
2019,203 Inflammatory diseases of female pelvic organs,T,0,0,0,0,0,0,0,0,0,0,0,0,0,0,0,0,0,1,0,0,1,0,1
2019,204 Noninflammatory disorders of female genital tract,F,0,0,0,0,0,0,0,0,0,0,0,0,1,0,0,1,0,1,2,0,5,0,5
2019,204 Noninflammatory disorders of female genital tract,T,0,0,0,0,0,0,0,0,0,0,0,0,1,0,0,1,0,1,2,0,5,0,5
2019,205 Hemorrhage of pregnancy and childbirth and placenta previa,F,0,0,0,0,0,0,0,0,0,0,0,0,0,0,0,0,0,0,0,0,0,1,1
2019,205 Hemorrhage of pregnancy and childbirth and placenta previa,T,0,0,0,0,0,0,0,0,0,0,0,0,0,0,0,0,0,0,0,0,0,1,1
2019,"206 Newborn affected by maternal factors and by complications of pregnancy, labour and delivery",M,26,0,0,0,0,0,0,0,0,0,0,0,0,0,0,0,0,0,0,0,26,2,28
2019,"206 Newborn affected by maternal factors and by complications of pregnancy, labour and delivery",F,19,0,0,0,0,0,0,0,0,0,0,0,0,0,0,0,0,0,0,0,19,0,19
2019,"206 Newborn affected by maternal factors and by complications of pregnancy, labour and delivery",T,45,0,0,0,0,0,0,0,0,0,0,0,0,0,0,0,0,0,0,0,45,2,47
2019,"207 Disorders related to short gestation and low birth weight, not elsewhere classified",M,11,0,0,0,0,0,0,0,0,0,0,0,0,0,0,0,0,0,0,0,11,1,12
2019,"207 Disorders related to short gestation and low birth weight, not elsewhere classified",F,9,0,0,0,0,0,0,0,0,0,0,0,0,0,0,0,0,0,0,0,9,1,10
2019,"207 Disorders related to short gestation and low birth weight, not elsewhere classified",T,20,0,0,0,0,0,0,0,0,0,0,0,0,0,0,0,0,0,0,0,20,2,22
2019,208 Birth trauma,M,1,0,0,0,0,0,0,0,0,0,0,0,0,0,0,0,0,0,0,0,1,0,1
2019,208 Birth trauma,T,1,0,0,0,0,0,0,0,0,0,0,0,0,0,0,0,0,0,0,0,1,0,1
2019,209 Intrauterine hypoxia and birth asphyxia,M,7,1,0,0,0,0,0,0,0,0,0,0,0,0,0,0,0,0,0,0,8,0,8
2019,209 Intrauterine hypoxia and birth asphyxia,F,5,0,0,0,0,0,0,0,0,0,0,0,1,0,0,0,0,0,0,0,6,0,6
2019,209 Intrauterine hypoxia and birth asphyxia,T,12,1,0,0,0,0,0,0,0,0,0,0,1,0,0,0,0,0,0,0,14,0,14
2019,210 Respiratory distress of newborn,M,2,0,0,0,0,0,0,0,0,0,0,0,0,0,0,0,0,0,0,0,2,0,2
2019,210 Respiratory distress of newborn,F,2,0,0,0,0,0,0,0,0,0,0,0,0,0,0,0,0,0,0,0,2,0,2
2019,210 Respiratory distress of newborn,T,4,0,0,0,0,0,0,0,0,0,0,0,0,0,0,0,0,0,0,0,4,0,4
2019,211 Other respiratory conditions originating in the perinatal period,M,6,0,0,0,0,0,0,0,0,0,0,0,0,0,0,0,0,0,0,0,6,0,6
2019,211 Other respiratory conditions originating in the perinatal period,F,3,0,0,0,0,0,0,0,0,0,0,0,0,0,0,0,0,0,0,0,3,1,4
2019,211 Other respiratory conditions originating in the perinatal period,T,9,0,0,0,0,0,0,0,0,0,0,0,0,0,0,0,0,0,0,0,9,1,10
2019,212 Infections specific to the perinatal period,M,4,0,0,0,0,0,0,0,1,0,0,0,0,0,0,0,0,0,0,0,5,2,7
2019,212 Infections specific to the perinatal period,F,2,0,0,0,0,0,0,0,0,0,0,0,0,0,0,0,0,0,0,0,2,0,2
2019,212 Infections specific to the perinatal period,T,6,0,0,0,0,0,0,0,1,0,0,0,0,0,0,0,0,0,0,0,7,2,9
2019,213 Other and unspecified conditions originating in the perinatal period,M,20,0,0,0,0,0,0,0,0,0,0,0,0,0,0,0,0,0,0,0,20,2,22
2019,213 Other and unspecified conditions originating in the perinatal period,F,11,0,0,0,0,0,0,0,0,0,0,0,0,0,0,0,0,0,0,1,12,1,13
2019,213 Other and unspecified conditions originating in the perinatal period,NS,1,0,0,0,0,0,0,0,0,0,0,0,0,0,0,0,0,0,0,0,1,0,1
2019,213 Other and unspecified conditions originating in the perinatal period,T,32,0,0,0,0,0,0,0,0,0,0,0,0,0,0,0,0,0,0,1,33,3,36
2019,214 Anencephaly and similar malformations,F,2,0,0,0,0,0,0,0,0,0,0,0,0,0,0,0,0,0,0,0,2,0,2
2019,214 Anencephaly and similar malformations,T,2,0,0,0,0,0,0,0,0,0,0,0,0,0,0,0,0,0,0,0,2,0,2
2019,215 Spina bifida,M,0,0,0,0,0,0,0,0,0,1,0,0,0,0,0,0,0,0,0,0,1,0,1
2019,215 Spina bifida,T,0,0,0,0,0,0,0,0,0,1,0,0,0,0,0,0,0,0,0,0,1,0,1
2019,216 All other congenital malformations of nervous system,M,0,1,0,0,0,0,0,0,0,0,0,0,0,0,0,0,0,0,0,0,1,0,1
2019,216 All other congenital malformations of nervous system,F,2,0,0,0,0,0,0,2,0,0,0,0,0,0,0,0,0,0,0,0,4,0,4
2019,216 All other congenital malformations of nervous system,T,2,1,0,0,0,0,0,2,0,0,0,0,0,0,0,0,0,0,0,0,5,0,5
2019,217 Congenital malformations of heart,M,7,1,0,1,0,0,0,2,0,0,0,2,0,0,0,0,0,0,0,0,13,3,16
2019,217 Congenital malformations of heart,F,4,1,1,0,0,0,0,0,0,0,0,0,2,0,1,0,2,1,0,0,12,4,16
2019,217 Congenital malformations of heart,T,11,2,1,1,0,0,0,2,0,0,0,2,2,0,1,0,2,1,0,0,25,7,32
2019,218 Other congenital malformations of circulatory system,M,2,0,0,0,0,0,0,0,0,0,0,0,1,0,0,0,1,0,0,0,4,0,4
2019,218 Other congenital malformations of circulatory system,T,2,0,0,0,0,0,0,0,0,0,0,0,1,0,0,0,1,0,0,0,4,0,4
2019,219 Congenital malformations of respiratory system,M,0,0,0,0,0,0,0,0,0,0,0,0,0,0,0,0,0,0,0,0,0,1,1
2019,219 Congenital malformations of respiratory system,F,2,0,0,0,0,0,0,0,0,0,0,0,0,0,0,0,0,0,0,0,2,0,2
2019,219 Congenital malformations of respiratory system,T,2,0,0,0,0,0,0,0,0,0,0,0,0,0,0,0,0,0,0,0,2,1,3
2019,220 Other congenital malformations and deformations,M,10,0,0,0,1,0,1,2,0,0,0,1,2,0,1,0,1,1,1,1,22,0,22
2019,220 Other congenital malformations and deformations,F,5,0,0,1,1,0,0,1,0,1,0,0,0,1,2,1,2,0,0,0,15,1,16
2019,220 Other congenital malformations and deformations,T,15,0,0,1,2,0,1,3,0,1,0,1,2,1,3,1,3,1,1,1,37,1,38
2019,221 Down's syndrome,M,0,0,0,0,0,0,0,0,0,0,1,3,2,1,0,0,0,0,0,0,7,0,7
2019,221 Down's syndrome,F,0,0,0,0,0,0,0,0,1,0,2,0,3,0,1,0,0,0,0,0,7,0,7
2019,221 Down's syndrome,T,0,0,0,0,0,0,0,0,1,0,3,3,5,1,1,0,0,0,0,0,14,0,14
2019,"222 All other chromosomal abnormalities, not elsewhere classified",M,4,0,0,0,0,0,0,0,0,0,0,0,0,0,0,0,0,0,0,0,4,0,4
2019,"222 All other chromosomal abnormalities, not elsewhere classified",F,3,0,0,0,1,0,0,0,0,0,0,0,0,0,0,0,0,0,0,0,4,0,4
2019,"222 All other chromosomal abnormalities, not elsewhere classified",T,7,0,0,0,1,0,0,0,0,0,0,0,0,0,0,0,0,0,0,0,8,0,8
2019,223 Senility,M,0,0,0,0,0,0,0,0,0,0,0,0,0,0,0,0,0,2,12,0,14,0,14
2019,223 Senility,F,0,0,0,0,0,0,0,0,0,0,0,0,0,0,0,0,0,4,33,0,37,0,37
2019,223 Senility,T,0,0,0,0,0,0,0,0,0,0,0,0,0,0,0,0,0,6,45,0,51,0,51
2019,224 Other ill-defined and unknown causes of mortality,M,9,1,1,5,19,23,23,19,25,26,25,40,34,19,13,2,11,10,12,0,317,22,339
2019,224 Other ill-defined and unknown causes of mortality,F,16,0,1,2,3,6,5,11,13,13,11,12,11,13,8,8,11,9,20,1,174,9,183
2019,224 Other ill-defined and unknown causes of mortality,T,25,1,2,7,22,29,28,30,38,39,36,52,45,32,21,10,22,19,32,1,491,31,522
2019,"225 All other symptoms, signs and abnormal clinical and laboratory findings, not elsewhere classified",M,0,0,0,0,2,0,2,0,1,0,3,0,2,0,1,3,7,17,22,0,60,0,60
2019,"225 All other symptoms, signs and abnormal clinical and laboratory findings, not elsewhere classified",F,0,0,0,0,1,0,0,0,1,0,0,1,0,0,3,5,8,14,59,0,92,1,93
2019,"225 All other symptoms, signs and abnormal clinical and laboratory findings, not elsewhere classified",T,0,0,0,0,3,0,2,0,2,0,3,1,2,0,4,8,15,31,81,0,152,1,153
2019,226 Railway accidents,M,0,0,0,2,1,0,0,1,2,0,1,0,0,0,0,0,0,0,0,0,7,0,7
2019,226 Railway accidents,F,0,0,0,0,0,0,0,1,0,0,0,0,0,0,0,0,0,0,0,0,1,0,1
2019,226 Railway accidents,T,0,0,0,2,1,0,0,2,2,0,1,0,0,0,0,0,0,0,0,0,8,0,8
2019,227 Pedestrian involved in collision with motor vehicle,M,2,0,0,0,0,0,0,1,0,0,1,0,1,1,0,0,0,0,0,0,6,0,6
2019,227 Pedestrian involved in collision with motor vehicle,F,0,0,0,0,0,0,0,0,0,0,0,0,0,0,0,0,0,0,0,0,0,1,1
2019,227 Pedestrian involved in collision with motor vehicle,T,2,0,0,0,0,0,0,1,0,0,1,0,1,1,0,0,0,0,0,0,6,1,7
2019,228 Pedalcyclist involved in collision with motor vehicle,M,0,0,0,0,0,0,1,0,0,0,1,0,0,0,0,1,0,0,0,0,3,0,3
2019,228 Pedalcyclist involved in collision with motor vehicle,T,0,0,0,0,0,0,1,0,0,0,1,0,0,0,0,1,0,0,0,0,3,0,3
2019,229 Motorcyclist involved in any accident except collision with railway train,M,0,0,0,1,0,3,3,0,1,3,1,3,1,3,2,0,0,1,0,0,22,0,22
2019,229 Motorcyclist involved in any accident except collision with railway train,F,0,0,0,0,1,1,0,0,0,0,0,0,0,0,0,0,0,0,0,0,2,0,2
2019,229 Motorcyclist involved in any accident except collision with railway train,T,0,0,0,1,1,4,3,0,1,3,1,3,1,3,2,0,0,1,0,0,24,0,24
2019,230 Other motor vehicle accident involving collision with railway train,M,0,0,0,0,0,0,0,0,0,1,0,0,0,0,0,0,0,0,0,0,1,0,1
2019,230 Other motor vehicle accident involving collision with railway train,T,0,0,0,0,0,0,0,0,0,1,0,0,0,0,0,0,0,0,0,0,1,0,1
2019,"231 Occupant of motor vehicle involved in collision with other (non-motorized) road vehicle, streetcar, animal or pedestrian",M,0,0,0,0,0,0,2,1,0,0,0,0,0,0,1,0,0,0,0,0,4,0,4
2019,"231 Occupant of motor vehicle involved in collision with other (non-motorized) road vehicle, streetcar, animal or pedestrian",T,0,0,0,0,0,0,2,1,0,0,0,0,0,0,1,0,0,0,0,0,4,0,4
2019,"232 Occupant of car, pickup truck or van involved in collision with other motor vehicle",M,0,1,1,1,0,1,2,1,1,2,0,1,1,0,2,1,0,0,0,0,15,2,17
2019,"232 Occupant of car, pickup truck or van involved in collision with other motor vehicle",F,0,0,0,1,1,0,1,2,0,0,0,0,1,0,1,0,0,1,0,0,8,1,9
2019,"232 Occupant of car, pickup truck or van involved in collision with other motor vehicle",T,0,1,1,2,1,1,3,3,1,2,0,1,2,0,3,1,0,1,0,0,23,3,26
2019,233 Occupant of motor vehicle involved in noncollision accident,M,0,0,0,0,0,0,3,1,1,0,0,1,0,0,1,0,1,0,0,0,8,2,10
2019,233 Occupant of motor vehicle involved in noncollision accident,F,0,0,0,0,0,0,0,0,0,0,0,1,0,1,1,0,0,0,0,0,3,1,4
2019,233 Occupant of motor vehicle involved in noncollision accident,T,0,0,0,0,0,0,3,1,1,0,0,2,0,1,2,0,1,0,0,0,11,3,14
2019,234 Occupant of special-use motor vehicle involved in any accident,M,0,0,0,0,4,0,1,0,2,0,0,2,0,2,0,0,0,0,0,0,11,0,11
2019,234 Occupant of special-use motor vehicle involved in any accident,F,0,0,0,0,0,0,0,0,0,0,0,0,0,0,0,0,0,0,0,0,0,1,1
2019,234 Occupant of special-use motor vehicle involved in any accident,T,0,0,0,0,4,0,1,0,2,0,0,2,0,2,0,0,0,0,0,0,11,1,12
2019,235 Other and unspecified motor vehicle accidents,M,1,0,0,10,5,4,7,4,7,5,5,4,7,5,5,2,0,3,1,0,75,12,87
2019,235 Other and unspecified motor vehicle accidents,F,0,0,1,2,3,4,8,1,4,2,3,1,4,4,4,3,4,1,1,0,50,5,55
2019,235 Other and unspecified motor vehicle accidents,T,1,0,1,12,8,8,15,5,11,7,8,5,11,9,9,5,4,4,2,0,125,17,142
2019,236 Other and unspecified land transport accidents,M,0,0,0,0,0,1,1,0,1,0,0,0,2,0,0,1,0,1,0,0,7,0,7
2019,236 Other and unspecified land transport accidents,F,0,0,0,0,0,0,1,0,0,0,2,0,1,1,0,0,0,0,0,0,5,0,5
2019,236 Other and unspecified land transport accidents,T,0,0,0,0,0,1,2,0,1,0,2,0,3,1,0,1,0,1,0,0,12,0,12
2019,237 Water transport accidents,M,0,0,0,0,1,0,0,0,0,1,0,0,0,0,0,0,0,0,0,0,2,0,2
2019,237 Water transport accidents,T,0,0,0,0,1,0,0,0,0,1,0,0,0,0,0,0,0,0,0,0,2,0,2
2019,238 Air and space transport accidents,M,0,0,0,1,0,0,0,0,0,1,0,0,0,1,0,0,0,0,0,0,3,3,6
2019,238 Air and space transport accidents,T,0,0,0,1,0,0,0,0,0,1,0,0,0,1,0,0,0,0,0,0,3,3,6
2019,239 Other and unspecified transport accidents and their sequelae,M,0,0,0,0,0,0,0,0,1,0,0,0,0,0,0,0,0,0,0,0,1,0,1
2019,239 Other and unspecified transport accidents and their sequelae,F,0,0,1,0,0,0,0,0,0,1,1,0,0,0,0,0,0,0,0,0,3,0,3
2019,239 Other and unspecified transport accidents and their sequelae,T,0,0,1,0,0,0,0,0,1,1,1,0,0,0,0,0,0,0,0,0,4,0,4
2019,240 Fall on same level,M,0,0,0,0,0,0,2,0,0,0,1,1,1,3,1,4,6,7,8,0,34,2,36
2019,240 Fall on same level,F,0,0,0,0,0,0,0,1,1,0,1,1,1,2,3,4,2,4,10,0,30,3,33
2019,240 Fall on same level,T,0,0,0,0,0,0,2,1,1,0,2,2,2,5,4,8,8,11,18,0,64,5,69
2019,241 Fall from one level to another,M,1,0,0,0,1,0,1,1,0,1,1,2,4,0,6,8,6,7,2,0,41,3,44
2019,241 Fall from one level to another,F,0,0,0,0,1,0,1,0,0,0,1,0,2,0,1,2,1,2,2,0,13,2,15
2019,241 Fall from one level to another,T,1,0,0,0,2,0,2,1,0,1,2,2,6,0,7,10,7,9,4,0,54,5,59
2019,242 Unspecified fall,M,0,0,0,0,1,0,0,3,1,1,1,2,2,3,4,8,16,12,14,0,68,2,70
2019,242 Unspecified fall,F,0,0,0,0,0,0,0,0,0,0,2,0,4,3,5,6,21,11,17,0,69,2,71
2019,242 Unspecified fall,T,0,0,0,0,1,0,0,3,1,1,3,2,6,6,9,14,37,23,31,0,137,4,141
2019,243 Accidental drowning and submersion,M,2,0,0,0,3,2,2,1,1,1,2,2,1,1,1,0,0,0,0,0,19,1,20
2019,243 Accidental drowning and submersion,F,0,0,0,0,0,1,1,0,0,0,0,0,0,1,1,0,0,1,0,0,5,0,5
2019,243 Accidental drowning and submersion,T,2,0,0,0,3,3,3,1,1,1,2,2,1,2,2,0,0,1,0,0,24,1,25
2019,244 Accidental inhalation and ingestion of food or other objects causing obstruction of respiratory tract,M,1,0,0,0,0,0,1,1,0,1,0,0,2,1,1,0,4,9,9,0,30,0,30
2019,244 Accidental inhalation and ingestion of food or other objects causing obstruction of respiratory tract,F,1,0,0,0,0,0,0,0,0,1,0,0,0,0,0,1,1,5,9,0,18,0,18
2019,244 Accidental inhalation and ingestion of food or other objects causing obstruction of respiratory tract,T,2,0,0,0,0,0,1,1,0,2,0,0,2,1,1,1,5,14,18,0,48,0,48
2019,245 Other accidental and unspecified threats to breathing,M,6,0,1,0,2,0,0,2,1,1,1,0,0,0,0,0,0,0,0,0,14,0,14
2019,245 Other accidental and unspecified threats to breathing,F,3,0,0,0,0,0,0,0,0,0,0,1,0,0,0,0,0,0,0,0,4,0,4
2019,245 Other accidental and unspecified threats to breathing,T,9,0,1,0,2,0,0,2,1,1,1,1,0,0,0,0,0,0,0,0,18,0,18
2019,246 Accidental exposure to electric current,F,0,0,0,0,0,0,0,0,0,0,0,0,1,0,0,0,0,0,0,0,1,0,1
2019,246 Accidental exposure to electric current,T,0,0,0,0,0,0,0,0,0,0,0,0,1,0,0,0,0,0,0,0,1,0,1
2019,"247 Accidental exposure to smoke, fire and flames",M,1,1,0,0,1,1,0,0,0,2,0,3,0,0,2,0,1,2,1,0,15,3,18
2019,"247 Accidental exposure to smoke, fire and flames",F,2,0,0,0,0,0,0,1,0,1,2,0,0,1,1,2,0,0,1,0,11,0,11
2019,"247 Accidental exposure to smoke, fire and flames",T,3,1,0,0,1,1,0,1,0,3,2,3,0,1,3,2,1,2,2,0,26,3,29
2019,248 Accidental poisoning by and exposure to drugs and other biological substances,M,0,0,0,7,29,61,58,78,56,45,44,41,24,2,3,0,2,0,1,0,451,34,485
2019,248 Accidental poisoning by and exposure to drugs and other biological substances,F,0,0,1,5,13,23,26,13,21,19,24,17,9,5,3,1,1,0,0,0,181,11,192
2019,248 Accidental poisoning by and exposure to drugs and other biological substances,T,0,0,1,12,42,84,84,91,77,64,68,58,33,7,6,1,3,0,1,0,632,45,677
2019,249 Accidental poisoning by and exposure to other and unspecified solid or liquid substances,M,1,0,0,1,1,4,2,2,1,5,9,4,2,5,3,0,1,0,0,0,41,3,44
2019,249 Accidental poisoning by and exposure to other and unspecified solid or liquid substances,F,0,0,0,1,0,0,0,1,2,3,1,0,2,1,0,0,0,0,0,0,11,0,11
2019,249 Accidental poisoning by and exposure to other and unspecified solid or liquid substances,T,1,0,0,2,1,4,2,3,3,8,10,4,4,6,3,0,1,0,0,0,52,3,55
2019,250 All other and unspecified accidents and their sequelae,M,1,2,0,2,1,4,2,7,7,2,6,12,12,7,13,8,11,9,11,0,117,12,129
2019,250 All other and unspecified accidents and their sequelae,F,0,0,0,1,1,0,1,1,2,3,4,1,3,5,6,3,16,11,33,0,91,4,95
2019,250 All other and unspecified accidents and their sequelae,T,1,2,0,3,2,4,3,8,9,5,10,13,15,12,19,11,27,20,44,0,208,16,224
2019,251 Intentional self-poisoning (suicide) by and exposure to drugs and other biological substances,M,0,0,0,1,2,3,4,5,3,2,3,4,4,3,2,0,1,0,1,0,38,1,39
2019,251 Intentional self-poisoning (suicide) by and exposure to drugs and other biological substances,F,0,0,0,0,1,5,3,3,5,4,8,9,3,3,4,4,1,0,0,0,53,1,54
2019,251 Intentional self-poisoning (suicide) by and exposure to drugs and other biological substances,T,0,0,0,1,3,8,7,8,8,6,11,13,7,6,6,4,2,0,1,0,91,2,93
2019,252 Intentional self-poisoning (suicide) by and exposure to other and unspecified solid or liquid substances and their vapors,M,0,0,0,1,0,0,0,0,0,0,0,1,0,0,0,0,0,0,0,0,2,0,2
2019,252 Intentional self-poisoning (suicide) by and exposure to other and unspecified solid or liquid substances and their vapors,T,0,0,0,1,0,0,0,0,0,0,0,1,0,0,0,0,0,0,0,0,2,0,2
2019,"253 Intentional self-harm (suicide) by hanging, strangulation and suffocation",M,0,0,3,13,21,24,25,30,19,24,16,21,17,6,1,0,0,1,0,0,221,13,234
2019,"253 Intentional self-harm (suicide) by hanging, strangulation and suffocation",F,0,1,4,2,13,9,7,6,5,3,6,5,3,3,0,0,0,0,0,0,67,1,68
2019,"253 Intentional self-harm (suicide) by hanging, strangulation and suffocation",T,0,1,7,15,34,33,32,36,24,27,22,26,20,9,1,0,0,1,0,0,288,14,302
2019,254 Intentional self-harm (suicide) by discharge of firearms,M,0,0,1,1,5,10,9,3,9,5,5,10,13,5,5,3,2,4,0,0,90,1,91
2019,254 Intentional self-harm (suicide) by discharge of firearms,F,0,0,0,0,0,1,0,0,0,0,0,0,0,0,0,0,0,0,0,0,1,0,1
2019,254 Intentional self-harm (suicide) by discharge of firearms,T,0,0,1,1,5,11,9,3,9,5,5,10,13,5,5,3,2,4,0,0,91,1,92
2019,255 Intentional self-harm (suicide) by jumping from a high place,M,0,0,0,1,1,1,2,1,1,2,2,0,1,0,0,0,1,1,0,0,14,1,15
2019,255 Intentional self-harm (suicide) by jumping from a high place,F,0,0,0,0,1,2,0,0,0,0,0,0,0,0,0,0,0,0,0,0,3,0,3
2019,255 Intentional self-harm (suicide) by jumping from a high place,T,0,0,0,1,2,3,2,1,1,2,2,0,1,0,0,0,1,1,0,0,17,1,18
2019,256 Intentional self-harm (suicide) by all other and unspecified means and their sequelae,M,0,0,0,2,1,2,1,4,3,3,2,4,3,1,0,0,0,0,1,0,27,2,29
2019,256 Intentional self-harm (suicide) by all other and unspecified means and their sequelae,F,0,0,0,0,0,0,0,1,1,0,0,0,0,1,0,0,0,0,0,0,3,0,3
2019,256 Intentional self-harm (suicide) by all other and unspecified means and their sequelae,T,0,0,0,2,1,2,1,5,4,3,2,4,3,2,0,0,0,0,1,0,30,2,32
2019,"257 Assault (homicide) by hanging, strangulation and suffocation",M,0,0,0,0,0,0,0,0,0,1,0,1,0,0,0,0,0,0,0,0,2,0,2
2019,"257 Assault (homicide) by hanging, strangulation and suffocation",T,0,0,0,0,0,0,0,0,0,1,0,1,0,0,0,0,0,0,0,0,2,0,2
2019,258 Assault (homicide) by discharge of firearms,M,0,0,0,0,3,6,3,2,1,1,1,1,2,1,0,0,0,0,0,0,21,1,22
2019,258 Assault (homicide) by discharge of firearms,F,0,0,0,0,0,1,0,0,0,0,0,1,0,0,0,0,0,0,0,0,2,0,2
2019,258 Assault (homicide) by discharge of firearms,T,0,0,0,0,3,7,3,2,1,1,1,2,2,1,0,0,0,0,0,0,23,1,24
2019,259 Assault (homicide) by sharp object,M,0,0,0,0,3,2,0,1,0,4,0,0,0,0,1,0,0,0,0,0,11,2,13
2019,259 Assault (homicide) by sharp object,F,0,0,0,0,1,0,0,0,0,2,0,0,0,0,0,0,0,0,0,0,3,1,4
2019,259 Assault (homicide) by sharp object,T,0,0,0,0,4,2,0,1,0,6,0,0,0,0,1,0,0,0,0,0,14,3,17
2019,260 Assault (homicide) by blunt object,F,0,0,0,0,0,0,0,0,0,0,0,0,0,0,0,0,0,0,0,0,0,1,1
2019,260 Assault (homicide) by blunt object,T,0,0,0,0,0,0,0,0,0,0,0,0,0,0,0,0,0,0,0,0,0,1,1
2019,261 Assault (homicide) by bodily force,M,0,0,0,0,0,0,0,0,0,0,0,0,0,0,0,0,0,0,0,0,0,1,1
2019,261 Assault (homicide) by bodily force,F,0,0,0,0,0,0,0,0,0,0,0,0,0,0,0,0,1,0,0,0,1,0,1
2019,261 Assault (homicide) by bodily force,T,0,0,0,0,0,0,0,0,0,0,0,0,0,0,0,0,1,0,0,0,1,1,2
2019,262 Assault (homicide) by all other and unspecified means and their sequelae,M,1,0,0,0,0,1,0,0,0,1,0,0,0,1,0,0,0,0,0,0,4,0,4
2019,262 Assault (homicide) by all other and unspecified means and their sequelae,F,0,0,0,0,0,0,1,0,0,0,0,0,0,0,0,1,0,0,0,0,2,0,2
2019,262 Assault (homicide) by all other and unspecified means and their sequelae,T,1,0,0,0,0,1,1,0,0,1,0,0,0,1,0,1,0,0,0,0,6,0,6
2019,"263 Poisoning by and exposure to drugs and biological substances, undetermined intent",M,0,0,0,0,0,1,0,0,2,0,1,0,2,0,0,0,0,0,0,0,6,0,6
2019,"263 Poisoning by and exposure to drugs and biological substances, undetermined intent",F,0,0,0,0,0,1,0,1,0,0,0,0,1,0,0,0,0,0,0,0,3,0,3
2019,"263 Poisoning by and exposure to drugs and biological substances, undetermined intent",T,0,0,0,0,0,2,0,1,2,0,1,0,3,0,0,0,0,0,0,0,9,0,9
2019,"264 Falling, jumping or pushed from a high place, undetermined intent",F,0,0,0,0,1,0,0,0,0,0,0,0,0,0,0,0,0,0,0,0,1,0,1
2019,"264 Falling, jumping or pushed from a high place, undetermined intent",T,0,0,0,0,1,0,0,0,0,0,0,0,0,0,0,0,0,0,0,0,1,0,1
2019,265 All other and unspecified events of undetermined intent and their sequelae,M,1,0,0,0,0,0,0,1,1,1,0,0,1,1,1,0,0,0,0,0,7,1,8
2019,265 All other and unspecified events of undetermined intent and their sequelae,F,0,0,0,0,0,0,0,0,0,1,0,0,0,0,0,0,0,0,0,0,1,0,1
2019,265 All other and unspecified events of undetermined intent and their sequelae,T,1,0,0,0,0,0,0,1,1,2,0,0,1,1,1,0,0,0,0,0,8,1,9
2019,266 Other legal intervention and their sequelae,M,0,0,0,0,0,1,0,0,0,0,0,0,0,0,0,0,0,0,0,0,1,0,1
2019,266 Other legal intervention and their sequelae,F,0,0,0,0,0,0,1,0,0,0,0,0,0,0,0,0,0,0,0,0,1,0,1
2019,266 Other legal intervention and their sequelae,T,0,0,0,0,0,1,1,0,0,0,0,0,0,0,0,0,0,0,0,0,2,0,2
2019,"267 Drugs, medicaments and biological substances causing adverse effects in therapeutic use, and their sequelae",M,0,0,0,0,0,0,0,0,0,0,0,1,0,0,0,0,0,1,0,0,2,0,2
2019,"267 Drugs, medicaments and biological substances causing adverse effects in therapeutic use, and their sequelae",T,0,0,0,0,0,0,0,0,0,0,0,1,0,0,0,0,0,1,0,0,2,0,2
2019,268 Misadventures to patients during medical and surgical care and their sequelae,M,0,0,0,0,0,0,0,0,0,0,0,0,0,0,1,0,0,0,0,0,1,0,1
2019,268 Misadventures to patients during medical and surgical care and their sequelae,F,0,0,0,0,0,0,0,0,0,0,0,0,0,0,0,0,0,0,0,0,0,1,1
2019,268 Misadventures to patients during medical and surgical care and their sequelae,T,0,0,0,0,0,0,0,0,0,0,0,0,0,0,1,0,0,0,0,0,1,1,2
2019,269 Other complications of medical and surgical care and their sequelae,M,0,0,0,0,0,0,0,0,0,1,0,1,0,2,1,2,0,2,4,0,13,1,14
2019,269 Other complications of medical and surgical care and their sequelae,F,0,0,0,0,0,1,0,0,1,0,1,0,0,1,1,0,1,1,2,0,9,1,10
2019,269 Other complications of medical and surgical care and their sequelae,T,0,0,0,0,0,1,0,0,1,1,1,1,0,3,2,2,1,3,6,0,22,2,24
2019,270 Other and unspecified gastroenteritis and colitis of infectious origin,M,0,0,0,0,0,0,0,0,0,0,0,0,0,0,0,0,0,1,1,0,2,0,2
2019,270 Other and unspecified gastroenteritis and colitis of infectious origin,F,0,0,0,0,1,0,0,0,0,0,0,0,0,0,0,0,0,0,1,0,2,0,2
2019,270 Other and unspecified gastroenteritis and colitis of infectious origin,T,0,0,0,0,1,0,0,0,0,0,0,0,0,0,0,0,0,1,2,0,4,0,4
2019,271 Gastroenteritis and colitis of unspecified origin,M,0,0,0,0,0,0,0,1,0,0,0,3,1,0,1,0,1,2,2,0,11,0,11
2019,271 Gastroenteritis and colitis of unspecified origin,F,1,0,0,0,0,0,0,0,0,0,0,0,0,0,1,0,5,4,6,0,17,0,17
2019,271 Gastroenteritis and colitis of unspecified origin,T,1,0,0,0,0,0,0,1,0,0,0,3,1,0,2,0,6,6,8,0,28,0,28
2019,"272 Acute viral hepatitis, unspecified",M,0,0,0,0,0,0,0,0,0,0,0,0,0,1,0,0,0,0,1,0,2,0,2
2019,"272 Acute viral hepatitis, unspecified",T,0,0,0,0,0,0,0,0,0,0,0,0,0,1,0,0,0,0,1,0,2,0,2
2019,"273 Malignant neoplasm, primary site unknown, so stated",M,0,0,0,0,0,0,0,0,0,1,1,4,10,12,10,10,5,12,10,0,75,1,76
2019,"273 Malignant neoplasm, primary site unknown, so stated",F,0,0,0,0,0,0,0,0,0,0,1,5,4,6,8,4,9,10,15,0,62,0,62
2019,"273 Malignant neoplasm, primary site unknown, so stated",T,0,0,0,0,0,0,0,0,0,1,2,9,14,18,18,14,14,22,25,0,137,1,138
2019,"274 Malignant neoplasm, primary site unspecified",M,0,0,0,0,0,0,0,0,1,3,5,8,19,18,15,20,16,10,9,0,124,1,125
2019,"274 Malignant neoplasm, primary site unspecified",F,0,0,0,0,0,0,1,0,0,0,6,6,4,11,9,11,13,13,13,0,87,2,89
2019,"274 Malignant neoplasm, primary site unspecified",T,0,0,0,0,0,0,1,0,1,3,11,14,23,29,24,31,29,23,22,0,211,3,214
2019,"275 Cutaneous T-cell lymphoma, unspecified",F,0,0,0,0,0,0,0,0,0,0,0,0,0,0,0,0,0,1,0,0,1,0,1
2019,"275 Cutaneous T-cell lymphoma, unspecified",T,0,0,0,0,0,0,0,0,0,0,0,0,0,0,0,0,0,1,0,0,1,0,1
2019,276 Extranodal marginal zone B-cell lymphoma of mucosa-associated lymphoid tissue [MALT-lymphoma],M,0,0,0,0,0,0,0,0,0,0,0,0,1,0,0,0,0,0,0,0,1,0,1
2019,276 Extranodal marginal zone B-cell lymphoma of mucosa-associated lymphoid tissue [MALT-lymphoma],T,0,0,0,0,0,0,0,0,0,0,0,0,1,0,0,0,0,0,0,0,1,0,1
2019,277 Solitary plasmacytoma,M,0,0,0,0,0,0,0,0,0,0,0,0,0,0,0,1,0,0,0,0,1,0,1
2019,277 Solitary plasmacytoma,T,0,0,0,0,0,0,0,0,0,0,0,0,0,0,0,1,0,0,0,0,1,0,1
2019,278 Unifocal Langerhans-cell histiocytosis,M,0,0,0,0,0,0,0,1,0,0,0,0,0,0,0,0,0,0,0,0,1,0,1
2019,278 Unifocal Langerhans-cell histiocytosis,F,0,0,0,0,0,0,0,1,0,0,0,0,0,0,0,0,0,0,0,0,1,0,1
2019,278 Unifocal Langerhans-cell histiocytosis,T,0,0,0,0,0,0,0,2,0,0,0,0,0,0,0,0,0,0,0,0,2,0,2
2019,279 Osteomyelofibrosis,M,0,0,0,0,0,0,0,0,0,0,1,1,0,0,1,2,1,2,0,0,8,0,8
2019,279 Osteomyelofibrosis,F,0,0,0,0,0,0,0,0,0,0,0,0,0,2,1,0,1,0,3,0,7,0,7
2019,279 Osteomyelofibrosis,T,0,0,0,0,0,0,0,0,0,0,1,1,0,2,2,2,2,2,3,0,15,0,15
2019,280 Other thrombophilia,M,0,0,0,0,0,1,0,0,0,0,0,0,0,0,0,0,0,0,0,0,1,0,1
2019,280 Other thrombophilia,F,0,0,0,0,0,0,0,1,0,0,0,0,0,0,0,0,0,0,0,0,1,0,1
2019,280 Other thrombophilia,T,0,0,0,0,0,1,0,1,0,0,0,0,0,0,0,0,0,0,0,0,2,0,2
2019,281 Vascular parkinsonism,F,0,0,0,0,0,0,0,0,0,0,0,0,0,0,0,0,1,0,0,0,1,0,1
2019,281 Vascular parkinsonism,T,0,0,0,0,0,0,0,0,0,0,0,0,0,0,0,0,1,0,0,0,1,0,1
2019,282 Paroxysmal atrial fibrillation,M,0,0,0,0,0,0,0,1,0,0,0,0,0,0,1,0,0,0,0,0,2,0,2
2019,282 Paroxysmal atrial fibrillation,T,0,0,0,0,0,0,0,1,0,0,0,0,0,0,1,0,0,0,0,0,2,0,2
2019,283 Chronic atrial fibrillation,M,0,0,0,0,0,0,0,0,0,0,0,0,0,0,0,0,0,0,1,0,1,0,1
2019,283 Chronic atrial fibrillation,F,0,0,0,0,0,0,0,0,0,0,0,0,0,0,0,0,0,0,2,0,2,0,2
2019,283 Chronic atrial fibrillation,T,0,0,0,0,0,0,0,0,0,0,0,0,0,0,0,0,0,0,3,0,3,0,3
2019,"284 Atrial fibrillation and atrial flutter, unspecified",M,0,0,0,0,0,0,0,1,0,0,0,1,1,6,6,13,16,31,41,0,116,1,117
2019,"284 Atrial fibrillation and atrial flutter, unspecified",F,0,0,0,0,0,0,0,0,0,0,0,1,0,3,7,9,20,34,77,0,151,3,154
2019,"284 Atrial fibrillation and atrial flutter, unspecified",T,0,0,0,0,0,0,0,1,0,0,0,2,1,9,13,22,36,65,118,0,267,4,271
2019,"285 Respiratory infections, not elsewhere classified",M,0,0,0,0,0,0,0,0,0,0,0,0,0,0,0,0,1,0,0,0,1,0,1
2019,"285 Respiratory infections, not elsewhere classified",F,0,0,0,0,0,0,0,0,0,0,0,1,0,0,0,0,1,0,1,0,3,0,3
2019,"285 Respiratory infections, not elsewhere classified",T,0,0,0,0,0,0,0,0,0,0,0,1,0,0,0,0,2,0,1,0,4,0,4
2019,286 Barrett's esophagus,F,0,0,0,0,0,0,0,0,0,0,0,0,0,0,0,0,1,0,0,0,1,0,1
2019,286 Barrett's esophagus,T,0,0,0,0,0,0,0,0,0,0,0,0,0,0,0,0,1,0,0,0,1,0,1
2019,287 Acute appendicitis with localized peritonitis,M,0,0,0,0,0,0,0,0,0,0,0,0,0,0,0,0,1,0,0,0,1,0,1
2019,287 Acute appendicitis with localized peritonitis,T,0,0,0,0,0,0,0,0,0,0,0,0,0,0,0,0,1,0,0,0,1,0,1
2019,"288 Acute appendicitis, other and unspecified",F,1,0,0,0,0,0,0,0,0,0,0,0,0,0,0,0,0,0,0,0,1,0,1
2019,"288 Acute appendicitis, other and unspecified",T,1,0,0,0,0,0,0,0,0,0,0,0,0,0,0,0,0,0,0,0,1,0,1
2019,"289 Parastomal hernia with obstruction, without gangrene",M,0,0,0,0,0,0,0,0,0,0,0,0,0,0,0,1,0,0,0,0,1,0,1
2019,"289 Parastomal hernia with obstruction, without gangrene",T,0,0,0,0,0,0,0,0,0,0,0,0,0,0,0,1,0,0,0,0,1,0,1
2019,"290 Other and unspecified ventral hernia with obstruction, without gangrene",M,0,0,0,0,0,0,0,0,0,0,0,0,0,0,0,0,0,0,1,0,1,0,1
2019,"290 Other and unspecified ventral hernia with obstruction, without gangrene",T,0,0,0,0,0,0,0,0,0,0,0,0,0,0,0,0,0,0,1,0,1,0,1
2019,291 Idiopathic acute pancreatitis,F,0,0,0,0,0,0,0,0,0,0,0,0,0,0,0,0,0,1,0,0,1,0,1
2019,291 Idiopathic acute pancreatitis,T,0,0,0,0,0,0,0,0,0,0,0,0,0,0,0,0,0,1,0,0,1,0,1
2019,"292 Decubitus ulcer and pressure area, unspecified",M,0,0,0,0,0,0,0,0,0,0,0,0,1,1,0,0,0,0,0,0,2,0,2
2019,"292 Decubitus ulcer and pressure area, unspecified",F,0,0,0,0,0,0,0,0,0,0,0,0,0,2,0,0,0,0,1,0,3,0,3
2019,"292 Decubitus ulcer and pressure area, unspecified",T,0,0,0,0,0,0,0,0,0,0,0,0,1,3,0,0,0,0,1,0,5,0,5
2019,293 Fibromyalgia,F,0,0,0,0,0,0,0,0,0,0,0,0,0,1,0,0,0,0,0,0,1,0,1
2019,293 Fibromyalgia,T,0,0,0,0,0,0,0,0,0,0,0,0,0,1,0,0,0,0,0,0,1,0,1
2019,"294 Chronic kidney disease, stage 5",M,0,0,0,0,0,0,0,0,0,0,1,0,4,3,7,4,5,4,3,0,31,0,31
2019,"294 Chronic kidney disease, stage 5",F,0,0,0,0,0,0,0,0,0,0,1,1,1,5,4,2,2,2,6,0,24,0,24
2019,"294 Chronic kidney disease, stage 5",T,0,0,0,0,0,0,0,0,0,0,2,1,5,8,11,6,7,6,9,0,55,0,55
2019,295 Insufficient intake of food and water,F,0,0,0,0,0,0,0,0,0,0,0,0,0,0,0,0,0,0,1,0,1,0,1
2019,295 Insufficient intake of food and water,T,0,0,0,0,0,0,0,0,0,0,0,0,0,0,0,0,0,0,1,0,1,0,1
2019,296 Sudden infant death syndrome with mention of autopsy,M,3,0,0,0,0,0,0,0,0,0,0,0,0,0,0,0,0,0,0,0,3,0,3
2019,296 Sudden infant death syndrome with mention of autopsy,T,3,0,0,0,0,0,0,0,0,0,0,0,0,0,0,0,0,0,0,0,3,0,3
2019,297 Contact with unspecified sharp object(s),M,0,0,0,0,0,0,1,0,0,0,0,0,0,0,0,0,0,0,0,0,1,0,1
2019,297 Contact with unspecified sharp object(s),T,0,0,0,0,0,0,1,0,0,0,0,0,0,0,0,0,0,0,0,0,1,0,1
2019,298 Accidental poisoning by and exposure to carbon monoxide from combustion engine exhaust,M,0,0,0,0,0,0,0,0,1,1,0,1,0,0,1,0,0,0,0,0,4,0,4
2019,298 Accidental poisoning by and exposure to carbon monoxide from combustion engine exhaust,T,0,0,0,0,0,0,0,0,1,1,0,1,0,0,1,0,0,0,0,0,4,0,4
2019,299 Accidental poisoning by and exposure to carbon monoxide from unspecified sources,M,0,0,0,0,1,0,0,1,0,0,0,0,0,0,1,0,0,0,0,0,3,0,3
2019,299 Accidental poisoning by and exposure to carbon monoxide from unspecified sources,T,0,0,0,0,1,0,0,1,0,0,0,0,0,0,1,0,0,0,0,0,3,0,3
2019,300 Accidental poisoning by and exposure to other specified gases and vapours,M,0,0,0,0,0,0,0,0,0,0,1,0,0,0,0,0,0,0,0,0,1,0,1
2019,300 Accidental poisoning by and exposure to other specified gases and vapours,T,0,0,0,0,0,0,0,0,0,0,1,0,0,0,0,0,0,0,0,0,1,0,1
2019,301 Intentional self-poisoning by and exposure to carbon monoxide from combustion engine exhaust,M,0,0,0,0,1,1,1,2,0,2,3,2,1,0,1,0,0,0,0,0,14,0,14
2019,301 Intentional self-poisoning by and exposure to carbon monoxide from combustion engine exhaust,F,0,0,0,0,0,0,0,1,0,0,1,1,0,0,0,0,0,0,0,0,3,0,3
2019,301 Intentional self-poisoning by and exposure to carbon monoxide from combustion engine exhaust,T,0,0,0,0,1,1,1,3,0,2,4,3,1,0,1,0,0,0,0,0,17,0,17
2019,302 Intentional self-poisoning by and exposure to carbon monoxide from other domestic fuels,M,0,0,0,0,0,0,0,0,0,0,1,0,0,0,0,0,0,0,0,0,1,0,1
2019,302 Intentional self-poisoning by and exposure to carbon monoxide from other domestic fuels,T,0,0,0,0,0,0,0,0,0,0,1,0,0,0,0,0,0,0,0,0,1,0,1
2019,303 Intentional self-poisoning by and exposure to carbon monoxide from unspecified sources,M,0,0,0,0,0,0,2,1,0,1,1,1,0,1,0,0,0,0,0,0,7,0,7
2019,303 Intentional self-poisoning by and exposure to carbon monoxide from unspecified sources,F,0,0,0,0,0,0,0,0,0,0,0,1,0,0,0,0,0,0,0,0,1,0,1
2019,303 Intentional self-poisoning by and exposure to carbon monoxide from unspecified sources,T,0,0,0,0,0,0,2,1,0,1,1,2,0,1,0,0,0,0,0,0,8,0,8
2019,304 Intentional self-poisoning by and exposure to other specified gases and vapours,M,0,0,0,0,1,0,0,0,0,0,0,1,1,0,0,0,0,0,0,0,3,0,3
2019,304 Intentional self-poisoning by and exposure to other specified gases and vapours,F,0,0,0,0,0,1,0,0,0,0,0,0,0,0,0,0,0,0,0,0,1,0,1
2019,304 Intentional self-poisoning by and exposure to other specified gases and vapours,T,0,0,0,0,1,1,0,0,0,0,0,1,1,0,0,0,0,0,0,0,4,0,4
2019,"305 Poisoning by and exposure to carbon monoxide from unspecified sources, undetermined intent",M,0,0,0,0,0,0,0,0,0,0,0,0,0,0,1,1,0,0,0,0,2,0,2
2019,"305 Poisoning by and exposure to carbon monoxide from unspecified sources, undetermined intent",T,0,0,0,0,0,0,0,0,0,0,0,0,0,0,1,1,0,0,0,0,2,0,2
2019,306 NS,M,0,0,0,0,0,0,0,1,1,0,1,2,0,0,1,3,0,0,2,0,11,0,11
2019,306 NS,F,0,0,0,0,0,0,0,0,1,0,0,0,1,0,1,1,2,0,0,0,6,0,6
2019,306 NS,T,0,0,0,0,0,0,0,1,2,0,1,2,1,0,2,4,2,0,2,0,17,0,17
2019,Total,M,146,17,9,57,121,177,209,251,261,346,471,803,1145,1236,1389,1571,1716,1868,1774,1,13568,332,13900
2019,Total,F,102,6,15,19,59,69,92,117,149,225,310,526,700,846,1090,1253,1511,1854,3255,2,12200,167,12367
2019,Total,NS,1,0,0,0,0,0,0,0,0,0,0,0,0,0,0,0,0,0,0,0,1,0,1
2019,Total,T,249,23,24,76,180,246,301,368,410,571,781,1329,1845,2082,2479,2824,3227,3722,5029,3,25769,499,26268
